SYMBOL,OPEN,HIGH,LOW,PREV. CLOSE,LTP,INDICATIVE CLOSE,CHANGE,% CHANGE,VOLUME (shares),VALUE (Crores),52W H,52W L,30 D %CHNG,365 D %CHNG
"NIFTY TOTAL MARKET","13,373.30","13,373.55","13,284.60","13,367.80","13,365.30","-","-2.5","-0.02","3189833919","1,10,805.73","13,548.00","11,436.55","1.43","5.23"
"TENNIND","542.00","551.00","525.00","550.60","539.00","-","-11.6","-2.11","58478202","3,099.75","657.00","438.05","-8.57","0"
"FINCABLES","1,240.00","1,374.00","1,233.00","1,207.85","1,269.00","-","61.15","5.06","20153531","2,652.22","1,374.00","700.80","20.34","50.37"
"AGARWALEYE","509.00","514.95","501.00","542.00","511.00","-","-31","-5.72","48136246","2,419.14","568.00","401.00","6.12","13.66"
"GODREJCP","922.50","951.80","907.80","1,025.00","910.00","-","-115","-11.22","22527411","2,080.79","1,309.00","907.80","-16.39","-24.2"
"BHARTIARTL","1,908.60","1,945.00","1,901.30","1,915.20","1,945.00","-","29.8","1.56","10871157","2,077.27","2,174.50","1,740.50","1.28","5.12"
"HINDCOPPER","530.85","569.90","529.60","533.30","548.50","-","15.2","2.85","36903374","2,048.91","760.05","226.70","10","129.25"
"HDFCBANK","729.00","730.65","722.00","729.00","729.00","-","0","0","26993177","1,957.46","1,020.50","722.00","-11.63","-25.99"
"SBIN","1,066.00","1,085.50","1,066.00","1,066.00","1,082.00","-","16","1.5","17673922","1,907.71","1,234.70","798.50","4.44","31.85"
"MCX","2,965.00","2,987.90","2,880.10","2,895.00","2,970.10","-","75.1","2.59","6169318","1,816.73","3,480.00","1,460.80","7.2","82.18"
"TCS","2,445.70","2,445.80","2,300.10","2,445.70","2,349.70","-","-96","-3.93","7022647","1,644.09","3,350.00","1,976.80","13.57","-22.59"
"TDPOWERSYS","1,395.00","1,530.00","1,358.40","1,275.60","1,484.00","-","208.4","16.34","11127581","1,625.90","1,530.00","478.00","29.02","200.37"
"MARKSANS","280.00","320.00","277.45","278.95","309.70","-","30.75","11.02","47809908","1,486.55","320.00","155.00","13.69","65.85"
"HAL","4,909.00","5,055.00","4,803.40","4,909.00","4,995.00","-","86","1.75","2901166","1,438.93","5,055.00","3,479.10","10.83","13.28"
"NATIONALUM","398.50","422.20","398.50","388.00","420.00","-","32","8.25","34388331","1,432.72","445.15","183.86","18.36","125.18"
"CUPID","281.00","290.00","279.42","276.65","290.00","-","13.35","4.83","48203967","1,384.85","290.00","31.82","36.64","776.66"
"BSE","3,605.00","3,605.90","3,501.00","3,605.00","3,527.00","-","-78","-2.16","3896840","1,380.20","4,446.80","2,021.50","-7.47","48.9"
"ICICIBANK","1,429.40","1,435.00","1,418.60","1,429.60","1,431.70","-","2.1","0.15","8201733","1,169.31","1,480.00","1,187.60","2.18","0.68"
"MANAPPURAM","369.95","369.95","351.00","360.00","352.60","-","-7.4","-2.06","31501308","1,129.45","381.55","245.15","3.31","38.79"
"RELIANCE","1,323.90","1,329.00","1,309.20","1,323.90","1,329.00","-","5.1","0.39","7901012","1,040.03","1,611.80","1,249.80","1.62","-3.72"
"IDEA","12.93","13.69","12.83","12.89","13.50","-","0.61","4.73","772547405","1,027.49","15.34","6.12","-4.86","108.66"
"HINDALCO","1,063.20","1,087.95","1,056.90","1,049.10","1,078.50","-","29.4","2.8","8786842","948.43","1,176.00","657.50","11.48","61.68"
"LT","4,038.00","4,044.10","3,990.00","4,037.40","4,020.00","-","-17.4","-0.43","2226623","891.33","4,440.00","3,288.10","1.88","9.06"
"INFY","1,185.60","1,190.40","1,163.30","1,190.70","1,176.10","-","-14.6","-1.23","7529777","883.53","1,728.00","982.40","10.12","-17.41"
"AXISBANK","1,230.00","1,234.90","1,216.90","1,229.80","1,230.00","-","0.2","0.02","7218881","883.26","1,418.30","1,042.50","-7.08","14.95"
"LICI","409.00","417.00","404.70","406.00","417.00","-","11","2.71","20957554","862.53","468.48","360.75","-5.88","-9"
"GRASIM","3,325.10","3,393.90","3,270.60","3,322.20","3,307.80","-","-14.4","-0.43","2309486","769.46","3,411.10","2,502.50","2.93","20.71"
"BAJFINANCE","1,093.00","1,094.70","1,080.00","1,093.30","1,094.20","-","0.9","0.08","7054842","766.27","1,176.40","787.90","7.22","28.28"
"TMPV","348.40","351.25","334.20","347.60","343.00","-","-4.6","-1.32","22384343","761.18","739.70","294.30","1.49","-47.56"
"APOLLOHOSP","8,750.50","8,775.50","8,507.50","8,750.50","8,597.00","-","-153.5","-1.75","876688","751.75","9,050.00","6,696.50","-2.76","18.8"
"ATHERENERG","1,531.70","1,580.00","1,511.10","1,525.40","1,572.60","-","47.2","3.09","4521175","702.42","1,580.00","398.20","28.29","292.07"
"TATASTEEL","188.35","188.88","183.60","188.25","186.20","-","-2.05","-1.09","36484049","676.56","224.40","153.05","-2.61","16.26"
"APARINDS","16,899.00","18,465.00","16,850.00","16,748.00","18,200.00","-","1452","8.67","378780","661.69","18,465.00","6,801.00","29.46","106.5"
"BLUESTONE","846.00","911.00","830.05","837.85","906.05","-","68.2","8.14","7488828","658.47","911.00","399.80","56.03","0"
"POWERINDIA","35,000.00","35,925.00","34,730.00","35,000.00","35,800.00","-","800","2.29","180600","641.21","38,785.00","16,111.00","9.8","72.99"
"ETERNAL","318.95","318.95","312.60","318.00","314.05","-","-3.95","-1.24","19976751","628.97","368.45","212.60","8.42","2.66"
"M&M","3,460.00","3,471.80","3,403.60","3,460.10","3,403.60","-","-56.5","-1.63","1834082","627.58","3,839.90","2,896.00","8.76","5.16"
"HFCL","215.40","223.61","215.00","214.24","221.05","-","6.81","3.18","28062533","617.54","229.50","59.82","1.75","207.06"
"TECHM","1,654.00","1,657.00","1,622.10","1,643.00","1,625.00","-","-18","-1.1","3746023","613.21","1,854.00","1,304.10","11.7","7.67"
"PNB","113.95","119.50","113.72","114.03","118.98","-","4.95","4.34","51235935","604.58","135.15","98.50","12.87","11.56"
"BHEL","404.50","420.20","403.25","403.00","420.00","-","17","4.22","14607097","603.11","446.50","205.12","6.26","88.45"
"EMIL","185.02","195.00","183.01","184.75","193.00","-","8.25","4.47","31604982","601.54","195.00","84.90","43.64","58.22"
"HEROMOTOCO","5,875.00","5,916.00","5,844.00","5,865.50","5,895.00","-","29.5","0.5","996651","587.35","6,388.50","4,539.00","19.11","26.91"
"TITAN","5,128.00","5,128.00","4,992.00","5,128.00","5,099.00","-","-29","-0.57","1105157","558.60","5,168.00","3,303.10","11.23","46.24"
"KALYANKJIL","605.00","608.60","585.05","602.20","596.70","-","-5.5","-0.91","9251306","551.41","648.95","327.05","25.32","14.16"
"PIIND","2,700.50","2,700.60","2,457.00","2,730.00","2,483.00","-","-247","-9.05","2138051","545.17","3,917.80","2,457.00","-4.77","-35.3"
"ZYDUSLIFE","1,190.00","1,205.00","1,151.00","1,191.00","1,205.00","-","14","1.18","4567528","543.90","1,205.00","835.50","4.71","26.09"
"KPIL","1,348.30","1,468.00","1,348.30","1,347.70","1,399.00","-","51.3","3.81","3715117","529.27","1,479.60","1,007.10","3.48","13.89"
"BEL","406.00","406.25","399.30","405.85","405.70","-","-0.15","-0.04","13125672","528.45","473.45","361.20","-2.21","6.66"
"ARE&M","970.25","1,017.30","962.20","970.25","969.80","-","-0.45","-0.05","5108022","506.56","1,057.85","670.00","8.96","1.51"
"GROWW","193.70","198.00","192.40","193.50","197.30","-","3.8","1.96","25335276","495.66","227.20","112.00","-3.51","0"
"MARUTI","13,990.00","14,067.00","13,875.00","13,990.00","13,875.00","-","-115","-0.82","354408","494.94","17,370.00","12,201.00","0.15","8.06"
"DIVISLAB","8,630.00","8,674.00","8,471.50","8,578.50","8,600.00","-","21.5","0.25","559195","479.51","8,674.00","5,636.50","25.8","44.27"
"GVT&D","4,429.10","4,549.00","4,374.90","4,420.00","4,406.50","-","-13.5","-0.31","1048083","466.99","5,650.00","2,523.20","-5.79","57.4"
"KAYNES","3,718.10","3,860.00","3,700.50","3,717.70","3,828.00","-","110.3","2.97","1218140","460.93","7,705.00","2,995.00","14.74","-34.1"
"FORCEMOT","18,347.00","19,399.00","18,347.00","18,330.00","19,269.00","-","939","5.12","240317","458.89","26,450.00","14,911.00","6.05","1.85"
"PFC","381.00","381.65","375.30","381.00","376.50","-","-4.5","-1.18","12028949","453.96","486.50","329.90","-7.38","-9.43"
"FLUOROCHEM","4,440.00","4,695.00","4,410.00","4,416.20","4,534.00","-","117.8","2.67","979035","449.34","4,695.00","2,916.60","15.03","31.95"
"DIXON","14,061.00","14,090.00","13,670.00","14,023.00","13,800.00","-","-223","-1.59","325889","448.89","18,471.00","9,600.00","2.82","-12.81"
"BOSCHLTD","45,040.00","46,735.00","45,040.00","45,185.00","46,480.00","-","1295","2.87","96508","447.60","46,735.00","28,610.00","11.16","20.38"
"HINDZINC","589.95","597.80","576.50","586.65","584.60","-","-2.05","-0.35","7584733","447.10","733.00","414.55","8.87","38.06"
"ZEEL","92.50","98.85","90.26","91.56","98.10","-","6.54","7.14","45453756","432.54","124.14","68.00","0.65","-13.4"
"KOTAKBANK","391.00","394.25","387.50","392.90","390.50","-","-2.4","-0.61","10733474","418.97","453.20","345.50","3.42","-0.33"
"PAYTM","1,593.70","1,623.70","1,591.30","1,593.70","1,610.00","-","16.3","1.02","2609810","418.48","1,639.90","930.60","19.99","43.75"
"BHARATFORG","2,051.00","2,081.50","2,042.90","2,051.00","2,081.50","-","30.5","1.49","1981864","409.38","2,295.00","1,100.50","-1.68","80.62"
"UNIONBANK","182.50","187.60","181.82","182.50","187.00","-","4.5","2.47","22005359","409.32","205.49","124.64","13.67","37.97"
"HINDPETRO","392.00","393.00","385.80","390.85","390.00","-","-0.85","-0.22","10513694","408.88","508.45","316.20","-1.34","-4.42"
"SHRIRAMFIN","1,135.50","1,135.50","1,117.00","1,129.90","1,117.20","-","-12.7","-1.12","3582194","402.97","1,153.70","566.50","7","82.58"
"TVSMOTOR","4,400.00","4,427.80","4,347.20","4,400.00","4,375.00","-","-25","-0.57","911635","399.54","4,475.00","2,955.50","20.75","47.61"
"CHENNPETRO","1,418.00","1,444.00","1,370.10","1,426.10","1,377.00","-","-49.1","-3.44","2824270","397.47","1,449.00","620.85","16.63","108.38"
"RECLTD","344.70","347.20","339.00","344.70","346.00","-","1.3","0.38","11330857","388.58","390.50","304.05","-1.69","-10.23"
"ULTRACEMCO","11,790.00","11,891.00","11,650.00","11,780.00","11,891.00","-","111","0.94","328113","384.60","13,110.00","10,325.00","1.54","-4.48"
"FORTIS","935.25","936.00","879.10","935.20","900.00","-","-35.2","-3.76","4300020","383.90","1,104.30","766.80","-7.02","-3.4"
"EPL","244.27","259.83","236.29","235.78","241.96","-","6.18","2.62","15355500","381.75","259.83","176.40","1.85","4.57"
"INDUSTOWER","370.00","385.20","369.75","369.35","383.40","-","14.05","3.8","10079537","379.53","481.50","312.55","-5.6","12.93"
"DATAPATTNS","4,403.00","4,546.10","4,399.90","4,391.60","4,504.00","-","112.4","2.56","836820","376.02","4,955.90","2,131.00","3.71","78.37"
"TMCV","451.00","459.50","448.30","450.05","456.90","-","6.85","1.52","8148968","370.26","509.00","306.30","8.14","0"
"ITC","279.00","279.55","275.40","279.00","276.15","-","-2.85","-1.02","12630816","350.21","427.00","275.00","-1.99","-33.67"
"CANBK","130.00","133.11","129.60","130.30","132.00","-","1.7","1.3","26542679","350.04","162.89","103.55","2.5","20.49"
"ADANIENT","3,020.00","3,020.00","2,943.00","2,995.50","2,985.70","-","-9.8","-0.33","1160458","344.49","3,245.00","1,753.00","-5.44","34.4"
"NTPC","338.45","341.35","335.35","338.45","339.45","-","1","0.3","10152704","342.81","414.40","315.55","-1.48","-0.19"
"PINELABS","168.52","171.05","164.51","167.58","169.95","-","2.37","1.41","19985559","335.56","284.00","134.73","16.99","0"
"JIOFIN","252.75","256.05","249.00","252.75","256.05","-","3.3","1.31","13290344","334.98","333.70","223.30","5.82","-21.7"
"SAIL","172.69","175.90","171.16","173.00","174.00","-","1","0.58","18936094","328.77","209.70","118.10","3.6","42.4"
"AARTIPHARM","875.50","930.95","875.10","883.70","894.00","-","10.3","1.17","3552033","322.01","946.10","585.00","26.01","4.41"
"NESTLEIND","1,503.00","1,515.70","1,495.30","1,493.20","1,507.00","-","13.8","0.92","1990581","299.38","1,553.00","1,084.70","3.56","38.12"
"SUNPHARMA","1,942.00","1,945.70","1,926.80","1,942.00","1,944.00","-","2","0.1","1536383","297.16","2,046.90","1,548.00","0.44","19.84"
"CUMMINSIND","5,366.50","5,406.50","5,330.00","5,378.50","5,365.00","-","-13.5","-0.25","554039","296.56","6,100.00","3,729.50","-4.56","42.69"
"LENSKART","592.90","593.35","581.30","589.20","585.00","-","-4.2","-0.71","5027988","296.26","593.35","356.10","7.61","0"
"NETWEB","4,866.00","4,907.90","4,753.00","4,859.80","4,845.30","-","-14.5","-0.3","613049","295.83","5,244.00","2,037.30","12.55","131.44"
"JSWINFRA","341.85","355.00","339.00","341.85","348.00","-","6.15","1.8","8419123","294.13","355.80","233.42","5.44","16.97"
"PIDILITIND","1,685.80","1,701.50","1,679.00","1,685.80","1,701.50","-","15.7","0.93","1724562","291.85","1,701.50","1,259.00","6.44","9.72"
"VEDL","276.25","281.00","273.00","275.00","275.80","-","0.8","0.29","10568708","291.72","795.00","249.70","1.19","-36.34"
"SIEMENS","4,022.00","4,097.90","3,991.70","4,011.00","4,019.00","-","8","0.2","716413","288.71","4,097.90","2,826.00","14.94","28.19"
"ADANIPOWER","209.00","209.69","205.02","209.00","206.99","-","-2.01","-0.96","13943707","288.13","254.20","114.24","-5.25","74.97"
"ADANIGREEN","1,370.00","1,371.00","1,315.00","1,366.00","1,332.30","-","-33.7","-2.47","2152786","286.98","1,631.50","765.00","-13.3","43.12"
"DELHIVERY","475.30","475.30","466.80","473.45","470.25","-","-3.2","-0.68","6123936","286.85","524.00","374.45","-9.62","1.43"
"COFORGE","1,819.00","1,819.10","1,780.40","1,819.00","1,801.50","-","-17.5","-0.96","1592301","286.79","1,989.70","1,008.10","19.8","10.83"
"OFSS","11,851.00","11,899.00","11,532.00","11,896.00","11,679.00","-","-217","-1.82","244704","286.23","11,979.00","6,234.50","0.24","37.18"
"DRREDDY","1,206.80","1,206.80","1,190.00","1,205.00","1,200.00","-","-5","-0.41","2366909","283.70","1,414.90","1,101.00","-3.56","-1.66"
"AARTIIND","510.00","534.00","503.25","505.30","532.95","-","27.65","5.47","5378998","281.11","534.00","338.05","10.09","43.25"
"MAXHEALTH","1,030.80","1,034.90","1,001.50","1,040.00","1,007.50","-","-32.5","-3.13","2762821","279.33","1,301.70","903.00","-9.08","-20.08"
"BAJAJ-AUTO","11,729.00","11,819.00","11,678.00","11,717.00","11,700.00","-","-17","-0.15","236192","277.47","11,863.00","8,132.50","15.2","42.74"
"BATAINDIA","730.00","759.75","708.00","699.85","714.80","-","14.95","2.14","3783994","275.96","1,282.50","605.00","3.49","-37.07"
"POLYCAB","9,125.00","9,289.00","9,090.50","9,125.00","9,289.00","-","164","1.8","293852","271.00","10,126.00","6,620.00","0.85","36.53"
"MOTHERSON","170.10","171.83","168.62","169.26","169.50","-","0.24","0.14","15747026","267.64","172.00","89.70","18.37","87.77"
"SENCO","376.00","379.45","343.00","401.25","346.50","-","-54.75","-13.64","7359766","263.41","430.00","276.00","-4.32","2.51"
"AMBER","7,078.00","7,106.00","6,951.00","7,078.50","6,985.00","-","-93.5","-1.32","371574","259.98","8,974.00","5,400.50","-10.21","2.08"
"KEI","5,645.00","5,754.00","5,593.80","5,645.00","5,754.00","-","109","1.93","454178","257.63","5,754.00","3,712.20","11.74","52.84"
"ONGC","240.00","241.33","238.65","239.45","239.05","-","-0.4","-0.17","10695237","256.17","307.50","227.65","-2.41","1.5"
"EICHERMOT","8,000.50","8,049.00","7,940.00","8,000.00","8,049.00","-","49","0.61","317282","253.64","8,230.00","5,643.00","9.28","42.26"
"ADANIENSOL","1,628.50","1,629.70","1,570.20","1,622.00","1,599.00","-","-23","-1.42","1586459","252.12","1,789.00","744.90","-3.33","103.24"
"ADANIPORTS","1,669.80","1,672.70","1,640.40","1,668.20","1,665.00","-","-3.2","-0.19","1494540","247.10","1,891.10","1,290.50","-8.92","25.14"
"BELRISE","255.00","268.20","253.61","253.97","262.20","-","8.23","3.24","9422315","246.42","268.20","132.50","13.23","95.67"
"NAVINFLUOR","8,200.00","8,444.00","8,125.50","8,156.00","8,352.50","-","196.5","2.41","290940","242.96","8,775.50","4,498.50","8.31","70.62"
"NAUKRI","1,360.10","1,364.00","1,329.60","1,360.00","1,339.00","-","-21","-1.54","1787437","240.49","1,437.80","908.30","11.21","1.35"
"MUTHOOTFIN","2,925.40","2,932.90","2,870.10","2,915.90","2,876.30","-","-39.6","-1.36","822104","237.49","4,149.50","2,476.60","-8.09","13.54"
"LLOYDSME","1,976.50","1,983.10","1,877.50","1,986.20","1,905.00","-","-81.2","-4.09","1221771","233.44","2,125.00","1,042.90","5.86","37.96"
"AMBUJACEM","426.70","426.70","418.05","424.00","421.00","-","-3","-0.71","5400539","227.24","605.45","394.00","-3.54","-28.3"
"EXIDEIND","485.00","495.25","482.35","483.35","491.80","-","8.45","1.75","4593999","224.32","496.40","287.00","15.88","30.66"
"HDFCAMC","2,520.00","2,520.00","2,482.30","2,515.00","2,490.00","-","-25","-0.99","889475","221.63","2,967.25","2,205.60","-9.82","-8.89"
"LUMAXTECH","2,085.00","2,110.00","2,000.10","2,076.30","2,015.00","-","-61.3","-2.95","1053290","216.41","2,110.00","990.00","35.14","96.85"
"PICCADIL","711.00","725.20","640.70","778.25","691.95","-","-86.3","-11.09","3217206","216.24","809.70","515.00","3","15.07"
"MAHABANK","78.85","81.99","78.75","78.95","81.90","-","2.95","3.74","26570514","215.91","94.50","51.71","-2.79","47.09"
"GLAND","2,924.00","2,949.90","2,860.00","2,924.40","2,875.00","-","-49.4","-1.69","732471","212.08","2,988.40","1,573.60","15.96","48.7"
"BPCL","317.00","318.50","311.50","317.80","317.00","-","-0.8","-0.25","6726295","211.15","391.65","266.60","2.34","-2.07"
"VIJAYA","1,428.20","1,525.00","1,421.10","1,428.20","1,524.90","-","96.7","6.77","1399910","207.37","1,525.00","848.00","9.78","44.5"
"BANKBARODA","246.00","251.40","245.50","246.20","251.00","-","4.8","1.95","8298917","207.30","325.50","230.81","0.02","3.26"
"TRENT","3,000.00","3,019.00","2,972.90","3,000.00","2,987.00","-","-13","-0.43","692694","207.25","3,782.67","2,183.67","2.9","-16.49"
"HINDUNILVR","2,065.00","2,072.10","2,050.10","2,064.90","2,063.00","-","-1.9","-0.09","995523","204.68","2,750.00","2,016.00","-4.07","-16.94"
"RHIM","420.00","420.00","385.00","415.55","385.65","-","-29.9","-7.2","5130721","203.24","515.55","323.05","-8.26","-21.22"
"LAURUSLABS","1,856.30","1,862.30","1,835.00","1,858.00","1,850.00","-","-8","-0.43","1088545","201.35","1,870.80","810.05","20.3","122.64"
"SUZLON","47.49","47.49","46.90","47.50","47.35","-","-0.15","-0.32","41760811","196.82","64.95","38.19","-12.18","-25"
"TORNTPHARM","4,864.00","4,893.50","4,824.50","4,886.00","4,893.00","-","7","0.14","400740","194.85","5,250.00","3,480.60","-0.17","34.94"
"SWIGGY","282.00","282.00","276.00","280.50","279.35","-","-1.15","-0.41","6996952","194.72","474.00","235.75","2.23","-28.96"
"LUPIN","2,286.60","2,287.80","2,249.50","2,278.90","2,281.00","-","2.1","0.09","861217","194.62","2,529.50","1,875.00","-8.62","17.35"
"GMRAIRPORT","105.11","106.29","102.15","105.11","104.55","-","-0.56","-0.53","18618816","192.61","115.64","84.11","-7.07","18.46"
"HCLTECH","1,370.00","1,370.00","1,340.40","1,365.40","1,365.40","-","0","0","1418468","192.48","1,780.10","1,030.00","17.29","-8.92"
"SBILIFE","1,840.80","1,840.80","1,816.50","1,837.60","1,830.00","-","-7.6","-0.41","1053505","192.48","2,132.00","1,700.40","-1.77","-0.44"
"PERSISTENT","5,530.00","5,530.00","5,390.00","5,536.00","5,474.00","-","-62","-1.12","347580","189.13","6,599.00","4,244.50","8.31","4.62"
"TATACHEM","668.45","708.90","663.00","668.75","674.00","-","5.25","0.79","2753913","188.15","1,026.65","580.30","-6.53","-28.69"
"ASHOKLEY","174.83","177.38","174.43","174.83","176.70","-","1.87","1.07","10612472","186.10","215.42","114.96","12.2","48.04"
"INDIANB","875.60","897.65","873.10","875.60","897.00","-","21.4","2.44","2076183","185.23","1,000.90","642.60","3.02","33.6"
"TATACONSUM","1,077.00","1,078.00","1,054.30","1,078.00","1,061.90","-","-16.1","-1.49","1713131","181.91","1,282.70","1,007.20","-4.5","1.44"
"PGEL","616.00","620.80","604.25","616.00","614.65","-","-1.35","-0.22","2976044","181.87","644.40","436.55","5.4","19.3"
"MANKIND","2,418.00","2,433.10","2,381.30","2,425.00","2,433.10","-","8.1","0.33","754503","181.67","2,674.00","1,909.70","-3.64","0.1"
"POWERGRID","267.95","270.00","266.30","267.95","269.45","-","1.5","0.56","6699919","179.61","324.95","250.00","-4.82","-5.34"
"MRPL","180.24","180.78","173.22","181.14","174.20","-","-6.94","-3.83","10085904","179.29","212.31","120.45","7.21","37.94"
"M&MFIN","398.35","410.00","392.50","398.80","395.50","-","-3.3","-0.83","4492168","178.36","415.00","251.05","16.03","53.92"
"ASIANPAINT","2,733.20","2,748.40","2,698.20","2,735.50","2,740.00","-","4.5","0.16","648174","176.74","2,985.70","2,115.00","2.32","10.56"
"MAZDOCK","2,554.00","2,569.90","2,485.90","2,554.00","2,552.00","-","-2","-0.08","692659","175.80","3,061.40","2,057.40","5.45","-5.16"
"DLF","653.00","661.75","644.55","650.10","661.75","-","11.65","1.79","2681958","174.87","794.80","489.40","-3.5","-12.63"
"ABB","7,611.50","7,741.00","7,585.50","7,611.50","7,710.00","-","98.5","1.29","224512","172.49","7,924.50","4,637.50","12.79","52.03"
"SOLARINDS","18,800.00","18,800.00","18,530.00","18,770.00","18,730.00","-","-40","-0.21","92222","172.15","19,187.00","11,646.00","2.71","28.36"
"HSCL","760.00","764.95","756.10","755.50","762.30","-","6.8","0.9","2240303","170.50","819.50","418.50","15.42","62.43"
"AUBANK","1,070.90","1,091.40","1,062.00","1,070.90","1,091.40","-","20.5","1.91","1572313","169.28","1,105.90","682.15","1.8","50.58"
"BDL","1,309.00","1,340.00","1,308.00","1,307.60","1,340.00","-","32.4","2.48","1279928","169.19","1,654.00","1,086.00","-0.33","-9.83"
"COALINDIA","412.60","413.70","408.20","412.60","409.30","-","-3.3","-0.8","4089147","167.62","491.25","368.65","-4.66","6.22"
"TATAPOWER","378.60","380.00","374.10","380.00","379.45","-","-0.55","-0.14","4430571","167.04","464.90","342.50","-0.49","-1.3"
"STLTECH","621.20","651.00","620.00","620.00","651.00","-","31","5","2563401","164.59","679.90","84.60","19.88","418.73"
"HYUNDAI","2,192.70","2,245.00","2,192.70","2,200.00","2,240.00","-","40","1.82","732935","163.11","2,890.00","1,658.00","12.85","1.58"
"SKYGOLD","797.90","840.00","793.10","790.05","838.00","-","47.95","6.07","1979236","162.32","840.00","259.00","34.33","206.62"
"BIOCON","427.75","430.50","422.60","426.00","427.40","-","1.4","0.33","3793310","162.27","447.15","331.00","2.13","20.43"
"MEESHO","190.75","194.17","190.44","190.41","191.97","-","1.56","0.82","8383592","161.10","254.40","125.56","-1.1","0"
"OLAELEC","39.85","40.81","39.29","39.66","39.90","-","0.24","0.61","40404612","161.05","71.25","22.25","-1.26","0.2"
"WABAG","1,950.00","1,965.00","1,875.00","1,950.10","1,899.00","-","-51.1","-2.62","821901","158.52","2,253.50","1,033.00","-14.51","23.76"
"WIPRO","184.51","185.00","181.91","184.60","183.94","-","-0.66","-0.36","8624548","157.87","273.10","169.00","4.83","-23.9"
"ENRIN","3,582.00","3,612.00","3,488.00","3,563.80","3,580.00","-","16.2","0.45","445189","157.59","3,968.00","2,115.00","1.51","13.76"
"GAIL","175.34","177.95","173.30","175.34","177.95","-","2.61","1.49","8976408","156.71","186.87","134.36","2.43","2.09"
"NMDC","85.87","86.07","84.89","85.45","85.90","-","0.45","0.53","18266091","155.96","97.49","68.19","1.15","21.09"
"YESBANK","22.75","22.98","22.62","22.75","22.98","-","0.23","1.01","68269921","155.79","25.78","17.20","-4.01","22.76"
"GMDCLTD","602.90","617.15","600.50","603.00","602.45","-","-0.55","-0.09","2552352","155.60","771.90","399.20","2.15","45.87"
"CGPOWER","881.00","888.00","872.00","881.00","888.00","-","7","0.79","1744914","153.76","980.90","525.50","-3.12","34.84"
"MTARTECH","6,748.00","7,199.00","6,733.00","6,893.00","7,160.00","-","267","3.87","217622","152.04","8,714.00","1,390.50","0.83","389"
"SONACOMS","801.05","807.70","797.40","800.00","804.50","-","4.5","0.56","1894549","151.98","836.90","402.30","20.34","82.74"
"LTM","4,850.00","4,850.00","4,691.00","4,850.00","4,762.10","-","-87.9","-1.81","318929","151.25","6,429.50","3,528.00","17.96","-6.75"
"PCJEWELLER","9.99","10.00","9.70","9.97","9.80","-","-0.17","-1.71","153619636","150.55","15.38","7.47","-1.9","-26.92"
"JUBLFOOD","487.00","489.00","477.25","488.20","484.70","-","-3.5","-0.72","3122764","150.41","670.45","408.55","10.65","-23.41"
"MARICO","855.00","857.05","839.05","855.00","855.00","-","0","0","1770553","149.74","889.10","690.30","0.29","21.43"
"LTF","315.00","317.20","309.75","315.40","317.20","-","1.8","0.57","4688109","146.62","338.60","194.40","-1.26","60.38"
"WAAREEENER","2,704.00","2,709.10","2,650.90","2,704.00","2,668.00","-","-36","-1.33","542431","144.65","3,865.00","2,403.00","-8.72","-13.51"
"BRITANNIA","5,598.00","5,645.50","5,560.00","5,598.00","5,645.50","-","47.5","0.85","257865","144.37","6,336.00","5,035.00","5.46","5.76"
"PATANJALI","352.95","353.60","342.15","353.00","352.60","-","-0.4","-0.11","4146144","143.49","615.00","328.20","-14.79","-41.86"
"APLAPOLLO","2,016.90","2,018.80","1,991.30","2,012.70","1,997.10","-","-15.6","-0.78","714770","143.28","2,301.40","1,565.50","8.78","26.22"
"IOC","140.63","142.05","139.29","140.00","140.60","-","0.6","0.43","10106894","142.04","188.96","130.22","1.18","-1.44"
"IDFCFIRSTB","83.61","85.80","83.61","84.27","85.80","-","1.53","1.82","16618607","141.36","88.76","58.08","6.15","24.24"
"LODHA","1,215.00","1,217.60","1,185.00","1,212.00","1,209.00","-","-3","-0.25","1174178","141.19","1,344.95","650.80","-0.96","-0.43"
"AFCONS","265.00","279.30","264.40","263.65","267.95","-","4.3","1.63","5079574","138.43","479.40","259.10","-10.95","-36.57"
"BEML","1,920.10","1,954.80","1,891.40","1,902.30","1,901.50","-","-0.8","-0.04","714898","137.66","2,275.75","1,355.00","2.09","-2.92"
"TIINDIA","2,780.00","2,839.00","2,746.20","2,780.00","2,839.00","-","59","2.12","486582","136.69","3,419.90","2,164.90","-4.04","-6.05"
"DMART","4,035.00","4,068.90","4,020.00","4,054.90","4,040.00","-","-14.9","-0.37","336886","136.13","4,949.50","3,529.00","-1.01","-5"
"APOLLO","389.70","391.00","378.00","388.70","379.00","-","-9.7","-2.5","3532851","135.49","466.50","173.98","-7.3","101.96"
"POLICYBZR","1,733.00","1,739.00","1,691.20","1,733.00","1,739.00","-","6","0.35","787209","134.43","1,974.00","1,364.00","10.04","-4.85"
"AUROPHARMA","1,658.00","1,667.00","1,652.30","1,658.00","1,667.00","-","9","0.54","796061","132.05","1,671.90","1,016.10","6.54","57.53"
"RAIN","203.70","211.29","200.15","202.92","209.90","-","6.98","3.44","6310349","131.16","252.00","99.90","1.38","33.65"
"OIL","471.90","475.55","466.65","470.35","472.00","-","1.65","0.35","2772626","130.65","531.00","384.60","11.07","11.03"
"UJJIVANSFB","70.39","72.68","70.23","70.14","72.35","-","2.21","3.15","18062565","129.92","73.29","41.32","10.85","67.59"
"BANKINDIA","142.40","146.12","141.90","142.90","145.50","-","2.6","1.82","8946785","129.62","178.36","109.85","0.41","28.18"
"ANGELONE","290.75","291.00","285.25","291.40","291.00","-","-0.4","-0.14","4505655","129.45","360.45","208.63","-15.91","16.08"
"RVNL","231.16","233.67","227.65","230.00","230.00","-","0","0","5612306","129.19","400.70","220.16","-1.15","-30.19"
"HDFCLIFE","536.00","537.75","531.40","536.00","537.00","-","1","0.19","2392072","127.72","815.00","530.50","-5.41","-29.91"
"VOLTAS","1,280.00","1,290.00","1,266.10","1,280.00","1,290.00","-","10","0.78","991550","126.79","1,582.50","1,186.80","0.26","3.61"
"ANANDRATHI","2,170.00","2,222.00","2,160.10","2,158.00","2,194.00","-","36","1.67","577193","126.56","2,222.00","1,295.15","2.2","59.24"
"TATATECH","865.20","868.55","836.00","865.20","840.40","-","-24.8","-2.87","1473993","125.55","891.00","507.40","16.96","27.49"
"SANSERA","3,685.10","3,933.00","3,665.30","3,685.10","3,931.00","-","245.9","6.67","328395","125.16","3,938.00","1,216.30","18.98","208.34"
"NYKAA","325.90","328.05","321.60","325.00","328.05","-","3.05","0.94","3832007","124.74","348.00","200.14","-0.62","60.31"
"BANDHANBNK","173.82","176.79","172.57","174.00","176.00","-","2","1.15","7049218","123.69","220.76","134.25","-16.19","5.58"
"VMM","111.00","111.00","105.45","110.25","108.00","-","-2.25","-2.04","11426190","122.66","157.60","98.77","-9.08","-22.87"
"CONCOR","515.00","523.80","510.40","512.00","512.05","-","0.05","0.01","2354296","122.15","569.80","421.45","10.42","-5.45"
"ICICIGI","1,646.70","1,649.60","1,621.00","1,643.50","1,635.00","-","-8.5","-0.52","745439","122.05","2,064.90","1,544.60","-10.47","-14.08"
"NEULANDLAB","22,988.00","23,100.00","22,419.00","22,955.00","22,507.00","-","-448","-1.95","53189","120.79","23,500.00","11,500.00","15.39","73.41"
"FEDERALBNK","354.55","357.65","353.80","354.55","356.85","-","2.3","0.65","3369817","119.78","371.70","188.40","8.19","82.08"
"QPOWER","1,301.20","1,301.20","1,280.30","1,239.30","1,299.00","-","59.7","4.82","894885","116.21","1,441.00","581.00","7.15","57.57"
"360ONE","1,160.00","1,167.50","1,140.00","1,168.00","1,161.00","-","-7","-0.6","997529","115.05","1,236.20","906.05","2.83","13.98"
"BAJAJFINSV","2,023.00","2,028.40","2,006.10","2,032.00","2,020.50","-","-11.5","-0.57","571047","114.98","2,195.00","1,597.00","5.45","5.9"
"INDIGO","5,266.50","5,333.00","5,228.00","5,284.00","5,333.00","-","49","0.93","215913","113.72","6,232.50","3,895.20","0.4","-10.03"
"CPPLUS","3,817.00","3,965.00","3,770.10","3,805.50","3,900.00","-","94.5","2.48","287366","111.62","3,965.00","1,045.55","6.49","267.39"
"SYRMA","1,494.80","1,514.00","1,465.10","1,494.80","1,479.90","-","-14.9","-1","749197","111.45","1,543.00","634.50","1.93","119.8"
"JSWSTEEL","1,285.90","1,288.90","1,268.20","1,283.40","1,269.10","-","-14.3","-1.11","862476","109.98","1,335.00","1,022.30","1.9","21.07"
"CAPLIPOINT","2,629.60","2,672.10","2,452.00","2,629.60","2,460.00","-","-169.6","-6.45","427821","109.05","2,699.00","1,500.30","-4.78","17.34"
"WELCORP","1,844.40","1,873.00","1,840.00","1,836.90","1,863.00","-","26.1","1.42","583807","108.53","1,873.00","710.00","15.53","112.51"
"ELLEN","295.00","323.80","286.70","294.40","323.80","-","29.4","9.99","3412223","108.30","559.80","175.00","10.04","-37.51"
"WOCKPHARMA","1,910.00","1,915.00","1,840.00","1,909.40","1,845.00","-","-64.4","-3.37","577896","107.88","2,422.30","1,086.70","1.89","21.73"
"SAMMAANCAP","164.80","164.80","158.66","163.40","160.40","-","-3","-1.84","6698353","107.86","192.95","114.10","-3.64","34.25"
"AEGISLOG","1,297.10","1,322.90","1,257.60","1,297.60","1,263.00","-","-34.6","-2.67","836202","107.77","1,497.80","576.10","1.36","75.31"
"RADICO","4,553.00","4,553.00","4,485.00","4,545.00","4,533.00","-","-12","-0.26","236362","106.91","4,590.30","2,500.00","11.27","56.55"
"GLENMARK","2,276.00","2,310.00","2,272.40","2,276.00","2,290.00","-","14","0.62","464575","106.59","2,474.00","1,792.60","0.31","11.26"
"PRICOLLTD","744.00","792.55","739.10","737.15","780.20","-","43.05","5.84","1368057","106.48","792.55","415.10","24.38","81.55"
"NBCC","93.80","94.14","90.90","93.80","92.17","-","-1.63","-1.74","11484423","106.02","125.85","77.18","-7.81","-13.71"
"IFCI","75.00","75.29","72.71","75.70","73.47","-","-2.23","-2.95","14279371","105.28","95.80","46.23","-5.15","39.2"
"REDINGTON","355.00","356.20","338.00","354.55","340.05","-","-14.5","-4.09","3024132","104.61","364.50","191.31","21.27","44.21"
"ANANTRAJ","609.00","620.20","600.15","606.25","613.25","-","7","1.15","1700060","103.81","743.65","403.00","4.68","14.32"
"PHOENIXLTD","1,906.20","1,910.00","1,870.00","1,908.70","1,905.00","-","-3.7","-0.19","545788","102.95","2,169.80","1,402.50","-10.94","32.37"
"BERGEPAINT","539.80","564.90","535.90","534.95","558.00","-","23.05","4.31","1847256","102.89","594.55","391.10","12.22","3.83"
"CHOLAFIN","1,909.50","1,917.60","1,888.40","1,914.40","1,917.60","-","3.2","0.17","540582","102.59","1,952.50","1,299.40","6.07","32.18"
"CDSL","1,349.80","1,353.40","1,333.10","1,347.00","1,339.00","-","-8","-0.59","764487","102.50","1,673.70","1,116.30","-6.49","-13.15"
"PNBHOUSING","1,141.90","1,166.00","1,140.50","1,142.10","1,157.60","-","15.5","1.36","872646","100.79","1,174.80","729.60","4.23","50.9"
"ICIL","423.00","445.15","389.45","423.20","405.80","-","-17.4","-4.11","2410797","99.76","463.80","216.90","-1.64","68.56"
"MIDHANI","427.75","438.60","400.15","427.75","403.70","-","-24.05","-5.62","2359127","99.19","454.80","266.65","-2.93","4.29"
"THERMAX","4,030.90","4,099.60","3,992.00","4,025.70","4,084.00","-","58.3","1.45","241006","97.71","5,277.80","2,742.70","-15.08","23.84"
"CASTROLIND","186.50","190.45","186.11","186.82","188.45","-","1.63","0.87","5108944","96.24","212.40","170.10","2.51","-10.18"
"ABCAPITAL","407.15","410.95","403.05","407.15","410.95","-","3.8","0.93","2350295","95.25","430.70","267.00","0.65","53.31"
"GODREJPROP","2,035.00","2,042.00","1,984.00","2,037.90","2,015.00","-","-22.9","-1.12","466920","93.73","2,352.00","1,434.00","-5.53","3.4"
"KTKBANK","303.50","314.00","301.20","302.85","313.25","-","10.4","3.43","3017208","93.67","316.80","169.12","13.35","81.91"
"COCHINSHIP","1,496.00","1,514.90","1,490.00","1,496.00","1,506.00","-","10","0.67","622999","93.65","1,979.90","1,187.00","6.21","-9.67"
"KIRLOSENG","2,101.50","2,122.40","2,041.10","2,101.50","2,064.00","-","-37.5","-1.78","449080","93.17","2,720.00","855.80","-17.17","130.31"
"INDHOTEL","724.00","724.00","713.05","724.00","724.00","-","0","0","1298404","93.14","811.95","565.00","-3.76","-3.14"
"INDUSINDBK","1,009.00","1,022.70","1,006.50","1,008.90","1,017.50","-","8.6","0.85","915131","92.90","1,077.85","710.60","0.17","29.94"
"ZENTEC","1,826.00","1,853.00","1,810.10","1,819.80","1,823.40","-","3.6","0.2","502987","92.10","2,024.00","1,223.00","-3.03","30.02"
"TI","520.00","539.00","515.40","520.75","530.00","-","9.25","1.78","1733388","92.00","549.70","381.55","18.71","7.36"
"MPHASIS","2,536.00","2,540.10","2,472.00","2,530.00","2,537.60","-","7.6","0.3","366804","91.49","3,037.20","2,013.00","9.29","-6.63"
"CIPLA","1,460.00","1,468.80","1,456.10","1,463.00","1,463.00","-","0","0","621021","90.87","1,673.00","1,165.70","1.64","-3.85"
"ASTRAMICRO","1,712.20","1,749.30","1,651.20","1,703.70","1,673.00","-","-30.7","-1.8","531299","90.00","1,960.00","851.00","-7.25","70.4"
"BLUESTARCO","1,497.90","1,507.70","1,471.30","1,497.90","1,490.00","-","-7.9","-0.53","603509","89.91","2,040.00","1,450.00","-10.35","-14.64"
"CAMS","787.00","788.50","771.00","788.00","777.40","-","-8.1","-1.03","1156640","89.67","844.90","611.40","-1.66","3.13"
"RBLBANK","389.70","390.20","384.45","389.70","389.80","-","0.1","0.03","2289848","88.76","392.70","243.25","2.4","53.86"
"TECHNOE","976.15","1,009.20","975.70","1,058.05","984.00","-","-74.05","-7","845640","83.76","1,575.00","870.00","-6.3","-28.01"
"NLCINDIA","286.95","286.95","274.50","286.05","275.00","-","-11.05","-3.86","2980168","83.23","387.80","222.00","-12.67","14.48"
"UPL","570.75","574.75","564.25","568.00","570.50","-","2.5","0.44","1452949","82.66","812.20","563.15","-4.08","-17.16"
"SAPPHIRE","236.98","238.89","226.70","236.02","231.30","-","-4.72","-2","3516974","82.04","347.90","139.91","26.64","-28.31"
"DEVYANI","142.10","142.10","137.00","142.79","139.55","-","-3.24","-2.27","5819096","81.27","191.00","91.55","24.08","-9.06"
"AVALON","1,940.00","2,002.60","1,927.00","1,938.30","1,973.70","-","35.4","1.83","406426","80.27","2,004.00","777.30","11.63","123.51"
"VBL","439.15","440.50","434.00","437.00","440.50","-","3.5","0.8","1837489","80.19","555.80","381.00","-7.86","-14.34"
"SHILPAMED","819.50","820.95","800.10","819.70","803.65","-","-16.05","-1.96","977909","79.33","825.40","259.50","28.14","84.7"
"GRSE","2,579.00","2,584.00","2,546.60","2,575.40","2,577.70","-","2.3","0.09","307019","78.75","3,339.00","1,963.70","-3.17","2.71"
"LICHSGFIN","502.95","508.00","499.45","502.00","508.00","-","6","1.2","1559589","78.48","598.20","458.90","-7.49","-11.37"
"JSWENERGY","561.40","563.00","552.20","563.00","558.75","-","-4.25","-0.75","1396161","77.64","617.35","427.75","0.96","4.8"
"PARAS","1,284.00","1,308.80","1,263.50","1,284.00","1,282.30","-","-1.7","-0.13","590759","75.89","1,443.00","580.50","2.33","95.37"
"PFIZER","4,892.00","5,149.00","4,891.70","4,898.50","5,010.00","-","111.5","2.28","148835","75.55","5,873.50","4,360.10","5.89","-1.8"
"CRAFTSMAN","10,360.00","10,723.00","10,326.00","10,294.00","10,550.00","-","256","2.49","71285","75.45","10,762.00","6,324.00","13.43","53.32"
"NAM-INDIA","1,180.20","1,183.00","1,167.60","1,171.30","1,182.30","-","11","0.94","639623","75.14","1,233.50","780.25","-2.51","47.95"
"THANGAMAYL","5,236.50","5,390.00","5,235.00","5,228.00","5,342.50","-","114.5","2.19","141031","74.99","7,430.00","1,939.50","-18.32","170.18"
"THYROCARE","649.00","662.00","637.60","649.35","642.00","-","-7.35","-1.13","1159737","74.87","662.00","342.55","24.49","42.61"
"MFSL","1,500.40","1,531.60","1,495.00","1,499.00","1,516.00","-","17","1.13","489596","74.22","1,892.50","1,433.60","-7.17","-4.56"
"KPITTECH","627.00","628.00","609.00","627.00","609.20","-","-12.55","-2.02","1196638","73.61","1,328.00","543.00","8.45","-50.04"
"LLOYDSENGG","93.75","94.25","91.00","93.04","92.70","-","-0.34","-0.37","7926085","73.22","99.75","37.40","2.32","36.4"
"RKFORGE","755.80","760.00","739.90","751.35","741.70","-","-9.65","-1.28","978319","72.93","763.50","460.15","31.2","26.89"
"KEC","450.80","453.70","439.85","450.75","443.00","-","-7.75","-1.72","1598645","71.17","937.80","439.85","-12.25","-44.43"
"SRF","2,570.10","2,594.00","2,552.00","2,570.00","2,585.00","-","15","0.58","276269","71.01","3,210.00","2,355.00","-6.83","-9.18"
"TATAELXSI","3,799.90","3,799.90","3,685.00","3,795.00","3,711.90","-","-83.1","-2.19","187415","69.88","5,950.00","3,353.90","0.59","-33.92"
"AIAENG","4,786.00","4,824.40","4,490.20","4,781.60","4,565.00","-","-216.6","-4.53","150211","69.22","5,180.00","3,001.10","-2.53","47.22"
"LALPATHLAB","1,954.80","1,988.90","1,940.00","1,949.90","1,950.00","-","0.1","0.01","351481","68.94","1,988.90","1,272.60","15.19","19.78"
"UNITDSPR","1,546.60","1,546.60","1,518.10","1,548.70","1,535.00","-","-13.7","-0.88","450036","68.57","1,548.70","1,210.80","10.77","18.28"
"DABUR","412.65","413.10","405.05","412.65","411.25","-","-1.4","-0.34","1677000","68.35","577.00","403.35","-7.27","-18.22"
"NH","1,848.80","1,858.80","1,819.40","1,848.80","1,836.00","-","-12.8","-0.69","368370","67.45","2,093.30","1,589.00","-9.44","1.34"
"KAJARIACER","1,230.00","1,259.00","1,211.90","1,225.60","1,258.30","-","32.7","2.67","541562","67.39","1,314.80","869.60","3.31","0.1"
"GESHIP","1,292.00","1,297.70","1,276.30","1,292.60","1,280.50","-","-12.1","-0.94","522980","67.21","1,798.00","922.50","-9.88","31.47"
"TEJASNET","532.00","532.45","515.50","533.60","526.10","-","-7.5","-1.41","1282649","67.07","647.00","294.00","-6.83","-4.51"
"JYOTHYLAB","203.50","203.50","190.11","204.04","200.00","-","-4.04","-1.98","3414689","66.99","352.70","188.10","-0.27","-39.89"
"BALRAMCHIN","623.00","626.10","592.55","627.80","601.95","-","-25.85","-4.12","1096131","66.21","665.50","393.55","6.18","7.33"
"PAGEIND","38,440.00","38,610.00","37,695.00","38,440.00","38,295.00","-","-145","-0.38","17278","65.95","47,310.00","29,805.00","-2.79","-13.12"
"VGUARD","323.80","336.70","321.90","324.30","332.00","-","7.7","2.37","1980024","65.82","392.20","288.80","8.64","-7.64"
"RRKABEL","2,835.00","2,844.90","2,775.00","2,812.80","2,789.90","-","-22.9","-0.81","234123","65.64","2,845.00","1,165.00","25.35","130.48"
"ASTERDM","854.95","861.15","822.50","854.90","832.00","-","-22.9","-2.68","787879","65.48","891.30","519.10","2.86","37.76"
"UNOMINDA","1,275.00","1,278.70","1,232.40","1,275.00","1,232.40","-","-42.6","-3.34","520011","64.83","1,382.00","994.00","5.69","15.24"
"SCI","294.00","300.95","293.35","293.95","297.30","-","3.35","1.14","2156081","64.23","368.75","195.55","4.35","44.5"
"ICICIPRULI","501.50","506.40","494.50","501.50","506.40","-","4.9","0.98","1278410","63.79","706.80","459.50","-0.77","-17.9"
"COLPAL","2,008.00","2,008.00","1,994.00","2,008.00","2,005.00","-","-3","-0.15","318454","63.78","2,504.00","1,782.00","-2.31","-8.93"
"MOTILALOFS","890.15","901.00","873.30","888.00","901.00","-","13","1.46","713954","63.34","1,097.10","614.90","-8","-1.13"
"TIMETECHNO","206.75","210.90","206.35","207.28","208.10","-","0.82","0.4","3032023","63.29","249.15","154.00","12.88","-5.73"
"JUBLPHARMA","967.05","967.15","880.00","965.00","882.00","-","-83","-8.6","697403","63.23","1,184.80","786.05","-8.53","-18.12"
"NEWGEN","555.00","555.65","525.50","555.10","534.35","-","-20.75","-3.74","1175816","63.17","1,041.95","401.05","3.32","-38"
"SKIPPER","522.65","546.45","509.50","526.25","543.80","-","17.55","3.33","1183882","63.00","593.00","327.05","-0.49","8.07"
"SAILIFE","1,446.40","1,474.00","1,443.30","1,444.40","1,462.10","-","17.7","1.23","430058","62.89","1,474.00","783.85","15.58","66.75"
"JYOTICNC","804.95","832.35","802.60","805.00","819.00","-","14","1.74","757009","61.93","1,055.90","580.10","2.82","-7.97"
"AVANTIFEED","844.15","873.45","829.90","859.80","868.00","-","8.2","0.95","727054","61.91","1,593.80","614.25","-6.14","30.62"
"INOXWIND","74.27","74.84","73.55","74.40","74.00","-","-0.4","-0.54","8299658","61.45","159.30","72.70","-10.42","-47.43"
"PREMIERENE","1,049.00","1,056.00","1,021.40","1,050.00","1,026.10","-","-23.9","-2.28","595125","61.40","1,134.00","660.00","-8.15","0.88"
"GOKEX","780.00","790.20","741.00","788.95","761.00","-","-27.95","-3.54","801501","61.15","954.90","531.00","-8.62","8.47"
"KPIGREEN","348.00","352.75","335.10","350.90","336.60","-","-14.3","-4.08","1775887","60.81","542.25","332.90","-16.81","-34.62"
"ALKEM","5,518.00","5,534.50","5,411.50","5,527.50","5,480.00","-","-47.5","-0.86","110443","60.17","5,933.50","4,738.50","-3.34","6.43"
"IIFL","622.00","628.70","615.20","619.25","627.50","-","8.25","1.33","959585","59.68","675.00","409.10","13.53","39.63"
"CGCL","235.85","237.70","226.18","235.46","229.00","-","-6.46","-2.74","2592162","59.61","264.53","151.10","-9.21","25.29"
"SCHNEIDER","1,400.00","1,439.80","1,380.00","1,403.30","1,435.00","-","31.7","2.26","418698","59.34","1,548.00","571.85","1.47","70"
"KARURVYSYA","332.50","340.00","332.40","334.20","339.70","-","5.5","1.65","1752090","59.01","351.80","201.82","11.14","57.79"
"DEEPAKNTR","1,779.80","1,781.00","1,711.00","1,784.80","1,713.00","-","-71.8","-4.02","337575","58.70","1,904.40","1,280.00","4.2","-8.11"
"HEG","678.25","686.40","671.00","678.25","672.35","-","-5.9","-0.87","861879","58.52","698.00","459.80","23.36","32.61"
"ATGL","668.00","669.95","656.50","666.15","661.00","-","-5.15","-0.77","878468","58.00","859.85","462.80","-8.69","8.03"
"PPLPHARMA","214.20","216.96","209.00","214.19","209.40","-","-4.79","-2.24","2720946","57.75","218.50","132.30","18.2","10.55"
"ASTRAL","1,431.90","1,464.00","1,425.70","1,424.90","1,464.00","-","39.1","2.74","398896","57.67","1,768.70","1,263.70","9.76","15.34"
"EIDPARRY","788.00","791.85","759.00","788.50","771.00","-","-17.5","-2.22","733425","56.62","1,196.40","698.20","1.63","-34.01"
"NHPC","76.65","76.85","76.00","76.95","76.85","-","0.11","0.14","7294107","55.69","89.22","71.62","-3.72","-8.41"
"VIYASH","262.70","267.80","258.55","261.45","263.00","-","1.55","0.59","2076289","54.45","298.00","167.95","-5.33","50.96"
"JMFINANCIL","126.10","130.13","126.10","126.17","129.52","-","3.35","2.66","4221891","54.36","199.80","112.00","3.94","-20.37"
"AZAD","2,472.10","2,495.40","2,450.40","2,472.10","2,487.00","-","14.9","0.6","218236","54.01","2,589.00","1,360.00","0.3","69.21"
"MRF","1,31,540.00","1,31,985.00","1,30,430.00","1,31,125.00","1,30,700.00","-","-425","-0.32","4123","53.97","1,63,600.00","1,22,000.00","-2.77","-7"
"BECTORFOOD","241.00","243.39","233.52","240.62","242.03","-","1.41","0.59","2242467","53.54","301.24","165.00","42.9","-15.49"
"RBA","93.00","95.35","92.32","92.65","93.64","-","0.99","1.07","5706033","53.51","96.45","57.15","27.37","18.37"
"HAVELLS","1,271.30","1,276.90","1,257.70","1,274.40","1,265.00","-","-9.4","-0.74","420518","53.27","1,621.10","1,123.60","6.45","-13.64"
"SHAILY","3,457.90","3,496.30","3,402.50","3,457.90","3,450.00","-","-7.9","-0.23","151320","52.18","3,615.20","1,604.30","24.67","96.25"
"SAGILITY","43.02","43.50","42.69","43.02","43.48","-","0.46","1.07","12081362","52.07","57.89","35.83","2.23","-0.41"
"FSL","280.65","280.65","272.25","279.60","274.40","-","-5.2","-1.86","1861664","51.13","381.40","202.00","5.66","-25.2"
"IREDA","118.69","119.00","117.00","118.70","117.80","-","-0.9","-0.76","4344077","51.12","163.35","108.65","-6.8","-17.95"
"IRFC","87.91","88.35","87.49","87.91","88.26","-","0.35","0.4","5812334","51.09","137.17","86.02","-1.82","-29.41"
"ACUTAAS","3,242.00","3,285.00","3,136.20","3,246.00","3,151.00","-","-95","-2.93","159044","50.82","3,740.00","1,261.20","-7.35","141.64"
"DIACABS","367.00","379.00","362.00","362.00","368.00","-","6","1.66","1355550","50.36","379.00","115.57","60.69","145.61"
"EIEL","212.00","212.89","200.84","213.97","203.40","-","-10.57","-4.94","2468285","50.33","276.10","134.71","-16.81","-16.02"
"SHREECEM","25,470.00","25,570.00","25,150.00","25,510.00","25,570.00","-","60","0.24","19869","50.29","31,920.00","22,550.00","-3.93","-15.92"
"GRAPHITE","730.10","742.00","721.00","730.85","724.00","-","-6.85","-0.94","672656","49.30","802.40","505.80","18.18","34.8"
"DEEPAKFERT","1,503.00","1,504.00","1,450.60","1,498.00","1,452.50","-","-45.5","-3.04","332955","48.87","1,681.00","866.40","-4.83","0.33"
"CREDITACC","1,540.00","1,560.00","1,535.00","1,540.30","1,543.00","-","2.7","0.18","310316","48.07","1,634.00","1,113.00","0.89","18.52"
"RUBICON","1,659.90","1,679.80","1,625.10","1,655.10","1,645.20","-","-9.9","-0.6","289009","47.83","1,684.10","570.75","14.94","0"
"CROMPTON","246.00","248.35","241.55","245.40","247.85","-","2.45","1","1952319","47.78","337.50","217.40","-5.29","-21.9"
"NUVAMA","1,722.90","1,722.90","1,673.30","1,706.70","1,700.00","-","-6.7","-0.39","279558","47.33","2,066.00","1,096.90","-14.04","24.03"
"SFL","691.35","717.85","687.70","679.25","691.50","-","12.25","1.8","674656","47.31","832.45","456.80","-9.64","4.22"
"PNGJL","630.40","633.45","608.50","630.40","615.55","-","-14.85","-2.36","764710","47.07","736.40","503.00","4.68","6.01"
"SUDARSCHEM","1,119.70","1,123.10","1,030.10","1,110.00","1,052.00","-","-58","-5.23","436812","47.01","1,603.00","726.40","5.28","-26.85"
"BALUFORGE","462.00","471.00","455.00","459.00","463.20","-","4.2","0.92","1012793","46.97","697.00","341.05","-0.41","-19.23"
"NIACL","180.00","187.10","178.72","179.37","180.39","-","1.02","0.57","2560837","46.78","218.00","116.97","-1.92","-2.37"
"JSLL","539.25","541.45","505.00","539.20","509.00","-","-30.2","-5.6","888284","46.43","849.50","492.00","-14.17","-5.65"
"HONASA","467.45","477.00","461.30","467.30","467.45","-","0.15","0.03","987009","46.21","491.35","248.40","-0.98","73.58"
"SHYAMMETL","984.80","992.90","981.40","984.80","989.00","-","4.2","0.43","466532","45.99","1,090.00","746.00","1.43","4.19"
"PARADEEP","152.00","152.70","146.61","151.80","147.48","-","-4.32","-2.85","3085716","45.95","232.22","99.70","4","-30.05"
"HUDCO","195.80","196.80","191.25","195.77","191.95","-","-3.82","-1.95","2361586","45.76","246.85","159.00","-7.25","-8.89"
"ICICIAMC","3,028.50","3,083.20","3,020.50","3,028.50","3,082.00","-","53.5","1.77","149452","45.67","3,611.00","2,530.00","-2.46","0"
"LGEINDIA","1,566.50","1,584.40","1,554.00","1,566.50","1,580.00","-","13.5","0.86","291304","45.67","1,749.00","1,304.10","0.98","0"
"TATAINVEST","685.80","714.80","677.30","688.75","679.00","-","-9.75","-1.42","662394","45.64","1,184.70","538.85","-2.13","-1.44"
"CARTRADE","2,778.00","2,789.00","2,705.00","2,763.60","2,714.90","-","-48.7","-1.76","165943","45.47","3,290.50","1,600.00","-3.38","16.18"
"KRN","1,295.00","1,345.00","1,294.00","1,287.70","1,335.00","-","47.3","3.67","341240","45.28","1,405.00","589.80","8.46","48.09"
"GODFRYPHLP","2,223.50","2,228.70","2,150.00","2,224.90","2,199.00","-","-25.9","-1.16","205693","45.16","3,947.00","1,832.10","3.96","-31.5"
"PTC","172.03","172.07","165.05","171.95","165.90","-","-6.05","-3.52","2677463","44.79","229.51","149.59","-3.8","-11.02"
"JPPOWER","17.72","17.84","17.55","17.75","17.83","-","0.08","0.45","24901247","44.00","24.50","13.15","4.76","-5.56"
"JINDALSTEL","1,096.00","1,112.00","1,093.20","1,095.00","1,112.00","-","17","1.55","396526","43.64","1,306.20","943.30","5.77","11.37"
"BORORENEW","565.10","581.35","562.05","562.50","576.00","-","13.5","2.4","759215","43.57","721.00","374.40","-10.08","-1.92"
"NAVA","570.95","598.50","568.75","569.15","586.70","-","17.55","3.08","733849","43.22","739.40","501.65","-2.18","-5.71"
"CEMPRO","1,270.90","1,281.80","1,249.50","1,274.60","1,255.00","-","-19.6","-1.54","342032","43.20","1,649.20","503.30","-19.9","65.36"
"EMCURE","2,008.60","2,023.00","1,983.30","1,998.70","2,001.00","-","2.3","0.12","214106","43.10","2,048.00","1,260.00","10.28","42.07"
"SBFC","93.80","94.75","93.47","93.84","94.00","-","0.16","0.17","4553086","42.89","123.00","79.60","2.22","-8.17"
"HBLENGINE","695.25","702.60","688.00","695.25","690.00","-","-5.25","-0.76","614610","42.79","1,122.00","613.00","-9.9","-0.29"
"APTUS","258.00","258.15","253.05","256.70","254.30","-","-2.4","-0.93","1675606","42.72","364.00","193.03","-10.39","-26.19"
"ENDURANCE","3,006.00","3,029.00","2,984.20","2,987.80","3,028.00","-","40.2","1.35","139376","41.90","3,079.90","2,142.80","12.72","20.64"
"TVSSCS","126.95","137.00","126.74","126.11","129.41","-","3.3","2.62","3139526","41.47","146.50","90.32","-8.65","-2.07"
"BBOX","729.00","795.00","721.50","743.35","756.60","-","13.25","1.78","550829","41.46","1,103.00","435.05","-17.97","52.03"
"POLYMED","1,873.00","1,913.70","1,846.10","1,863.90","1,877.00","-","13.1","0.7","219951","41.27","2,144.90","1,182.00","12.51","-2.38"
"PWL","125.95","127.40","123.21","125.52","123.59","-","-1.93","-1.54","3295580","41.12","161.99","77.72","-16.17","0"
"PVRINOX","1,155.00","1,198.90","1,155.00","1,160.20","1,195.00","-","34.8","3","346505","40.83","1,249.70","907.40","19.26","9.62"
"CUB","214.00","218.60","212.38","213.69","214.75","-","1.06","0.5","1867608","40.46","245.38","145.13","-6.36","37.21"
"FIEMIND","2,604.10","2,674.80","2,582.00","2,592.20","2,645.00","-","52.8","2.04","153129","40.34","2,674.80","1,794.00","17.56","46.18"
"BHARTIHEXA","1,515.10","1,515.40","1,477.80","1,515.00","1,499.00","-","-16","-1.06","267203","39.80","1,955.60","1,430.00","-6.59","-14.4"
"VARROC","840.00","864.90","826.05","842.15","831.65","-","-10.5","-1.25","467591","39.56","864.90","462.00","25.73","60.04"
"PETRONET","277.00","281.90","277.00","277.00","279.85","-","2.85","1.03","1408161","39.41","326.40","235.35","0.32","0.11"
"BALKRISIND","2,498.00","2,525.00","2,475.00","2,498.90","2,500.00","-","1.1","0.04","156973","39.23","2,775.00","1,970.00","10.97","3.67"
"GRAVITA","1,789.90","1,838.90","1,755.50","1,784.50","1,820.00","-","35.5","1.99","217427","39.09","1,913.60","1,266.90","-1.87","2.14"
"TATACAP","367.20","370.50","364.80","367.20","367.00","-","-0.2","-0.05","1040104","38.24","390.20","296.00","1.77","0"
"GPIL","234.18","234.95","228.31","232.18","229.00","-","-3.18","-1.37","1651494","38.08","320.00","186.00","-9.97","15.52"
"ANTHEM","898.00","898.00","875.65","891.65","880.00","-","-11.65","-1.31","425829","37.63","899.90","579.15","16.6","18.37"
"YATHARTH","862.60","880.00","856.05","865.70","863.00","-","-2.7","-0.31","431376","37.49","919.50","538.25","4.01","21.56"
"MINDACORP","721.70","743.90","719.30","721.45","736.10","-","14.65","2.03","507767","37.42","750.80","445.05","5.32","56.17"
"WELSPUNLIV","159.99","165.80","159.26","159.66","165.60","-","5.94","3.72","2292744","37.41","174.97","107.10","-0.34","45.61"
"SHRIPISTON","4,419.10","4,588.00","4,400.00","4,419.10","4,460.50","-","41.4","0.94","82738","37.36","4,588.00","2,354.10","6.47","83.43"
"ATUL","6,851.00","6,940.00","6,785.00","6,850.00","6,879.00","-","29","0.42","54244","37.35","7,180.00","5,560.50","10.31","6.65"
"MSUMI","41.01","41.20","40.56","41.01","40.98","-","-0.03","-0.07","9094596","37.24","53.59","35.70","2.09","8.24"
"SMLMAH","5,200.00","5,270.00","5,125.50","5,208.50","5,162.00","-","-46.5","-0.89","71634","37.19","5,987.90","2,719.00","24.24","31.09"
"SURYAROSNI","239.50","239.50","222.15","235.83","224.50","-","-11.33","-4.8","1627671","37.09","326.00","187.35","-12.71","-29.09"
"KIMS","810.50","814.55","800.00","813.05","804.50","-","-8.55","-1.05","459515","36.96","858.00","575.80","-1.28","9.33"
"TANLA","620.05","620.85","591.30","616.65","596.60","-","-20.05","-3.25","606531","36.59","766.00","365.90","8.43","-2.39"
"ATLANTAELE","1,586.00","1,699.00","1,586.00","1,586.30","1,649.80","-","63.5","4","219650","36.43","2,152.60","707.60","-2.69","0"
"HCC","20.24","20.24","19.71","20.05","20.12","-","0.07","0.35","18181740","36.22","28.50","13.65","-15.78","-6.16"
"SPLPETRO","685.90","731.70","684.55","685.25","728.65","-","43.4","6.33","502560","36.19","979.00","462.30","-0.67","-0.01"
"RELAXO","422.00","439.00","412.55","421.65","419.00","-","-2.65","-0.63","837534","35.87","526.00","236.50","6.16","-3.31"
"RPOWER","23.72","23.80","23.30","23.62","23.43","-","-0.19","-0.8","15262302","35.81","50.85","20.17","-6.73","-46.7"
"JSL","728.00","742.20","712.50","725.10","739.95","-","14.85","2.05","486337","35.42","884.00","652.25","3.29","3.76"
"POONAWALLA","489.95","492.25","482.10","487.20","483.10","-","-4.1","-0.84","726456","35.24","570.40","361.20","1.28","8.14"
"AEQUS","241.00","241.00","233.01","240.73","237.41","-","-3.32","-1.38","1480520","35.04","274.39","113.30","-4.57","0"
"SUPREMEIND","3,419.10","3,459.90","3,383.00","3,435.00","3,459.90","-","24.9","0.72","102447","35.02","4,664.90","3,140.00","4.23","-18.01"
"SBICARD","650.00","656.60","644.40","650.05","656.60","-","6.55","1.01","535832","34.90","965.00","565.45","7.35","-16.88"
"WEBELSOLAR","85.29","87.80","85.29","89.77","85.29","-","-4.48","-4.99","4071727","34.88","157.30","50.40","-14.58","-40.05"
"BSOFT","320.90","321.90","312.15","320.30","312.60","-","-7.7","-2.4","1103074","34.78","474.00","270.20","7.74","-15.78"
"PRESTIGE","1,592.00","1,594.00","1,555.30","1,585.90","1,590.70","-","4.8","0.3","221177","34.77","1,805.20","1,090.00","-8.22","-2.46"
"SWANCORP","313.00","313.00","306.10","311.25","306.70","-","-4.55","-1.46","1125207","34.67","506.00","295.65","-3.92","-27.92"
"MEDANTA","1,440.40","1,446.70","1,380.00","1,440.40","1,391.00","-","-49.4","-3.43","243269","34.37","1,491.00","956.00","4.05","0.78"
"CMSINFO","263.05","264.45","253.40","266.10","255.20","-","-10.9","-4.1","1333828","34.11","452.30","253.40","-2.74","-41.44"
"TATACOMM","1,754.00","1,754.00","1,709.40","1,746.10","1,739.00","-","-7.1","-0.41","195930","33.84","2,110.00","1,322.50","-6.31","6.88"
"ENTERO","1,425.10","1,459.80","1,406.40","1,427.20","1,425.00","-","-2.2","-0.15","234703","33.61","1,459.80","944.00","17.68","20.57"
"ABBOTINDIA","28,020.00","28,250.00","27,755.00","28,020.00","28,150.00","-","130","0.46","11910","33.44","34,060.00","25,150.00","3.63","-13.54"
"IRCTC","517.30","519.10","510.00","515.05","510.75","-","-4.3","-0.83","647305","33.36","739.00","485.30","1.49","-29.12"
"ACE","1,073.30","1,103.60","1,062.30","1,073.30","1,097.90","-","24.6","2.29","305682","33.21","1,170.00","745.10","11.01","16.38"
"LINDEINDIA","6,931.00","6,931.00","6,709.50","6,972.00","6,780.00","-","-192","-2.75","48476","32.99","8,049.00","5,673.00","-3.6","9.11"
"CHOLAHLDNG","1,619.40","1,619.40","1,400.10","1,610.60","1,578.00","-","-32.6","-2.02","211407","32.98","2,064.00","1,305.00","-4.49","-14.95"
"BLS","261.64","264.50","259.51","260.86","262.75","-","1.89","0.72","1254241","32.94","399.15","218.90","10.79","-31.52"
"CARBORUNIV","1,180.00","1,196.00","1,146.60","1,173.80","1,156.40","-","-17.4","-1.48","282309","32.87","1,306.90","735.20","5.98","36.46"
"GRWRHITECH","7,040.50","7,198.50","7,000.00","7,020.50","7,120.50","-","100","1.42","46023","32.77","7,990.00","2,681.00","2.19","149.24"
"JAINREC","298.95","306.00","297.00","297.75","304.50","-","6.75","2.27","1065167","32.23","593.95","247.57","-10.61","0"
"MOIL","280.00","288.95","278.15","279.45","279.90","-","0.45","0.16","1135494","32.18","404.90","242.35","2.15","-13.89"
"DYNAMATECH","10,536.00","10,828.00","10,467.00","10,600.00","10,652.00","-","52","0.49","29877","32.01","12,875.00","6,320.00","-0.34","60.28"
"LEMONTREE","109.50","110.50","107.89","109.36","109.12","-","-0.24","-0.22","2941490","32.00","180.68","99.61","-7.85","-24.74"
"RATEGAIN","912.00","935.00","909.30","908.85","934.25","-","25.4","2.79","342776","31.77","1,050.00","437.00","-1.11","90.18"
"AFFLE","1,690.00","1,690.00","1,656.90","1,677.30","1,666.10","-","-11.2","-0.67","188627","31.57","2,185.90","1,251.30","12.54","-15.85"
"TRITURBINE","600.00","601.45","581.00","600.35","584.00","-","-16.35","-2.72","525830","31.12","787.60","428.35","-3.65","13.24"
"ASHAPURMIN","646.50","660.00","634.55","651.95","635.05","-","-16.9","-2.59","482223","31.04","924.90","455.10","-1.75","17.01"
"SUDEEPPHRM","1,112.00","1,146.30","1,078.10","1,108.40","1,108.00","-","-0.4","-0.04","275504","30.77","1,158.60","524.05","34.43","0"
"SOUTHBANK","45.81","46.56","45.60","45.81","46.26","-","0.45","0.98","6627720","30.63","49.90","28.11","0.98","54.92"
"ENGINERSIN","243.35","246.80","238.00","242.99","239.00","-","-3.99","-1.64","1264836","30.56","267.00","163.55","-0.27","18.27"
"OBEROIRLTY","1,790.00","1,799.90","1,764.50","1,793.60","1,799.90","-","6.3","0.35","172080","30.54","1,986.10","1,391.20","-6.49","11.52"
"IEX","127.00","127.19","123.90","126.00","125.95","-","-0.05","-0.04","2436267","30.47","160.27","114.60","5.27","-8.78"
"IKS","1,753.00","1,813.70","1,740.20","1,745.00","1,776.20","-","31.2","1.79","169710","30.27","1,933.00","1,262.00","-7.88","15.04"
"ABFRL","58.80","59.10","57.02","58.63","57.25","-","-1.38","-2.35","5139419","29.69","94.95","53.51","-4.62","-22.66"
"KFINTECH","938.05","938.05","916.10","935.00","922.00","-","-13","-1.39","319991","29.53","1,215.00","784.95","2.32","-15.12"
"INTELLECT","723.80","724.85","697.50","723.65","703.50","-","-20.15","-2.78","417539","29.50","1,244.60","595.20","-7.28","-24.52"
"CAPILLARY","524.00","534.70","516.50","522.95","531.20","-","8.25","1.58","558490","29.35","798.95","464.25","5.63","0"
"AJANTPHARM","3,500.00","3,555.00","3,485.00","3,507.00","3,545.60","-","38.6","1.1","82946","29.25","3,598.80","2,329.90","5.88","31.45"
"OLECTRA","1,394.00","1,398.70","1,375.00","1,391.60","1,383.80","-","-7.8","-0.56","207608","28.79","1,714.20","866.60","-2.8","-3.41"
"NEOGEN","2,099.70","2,099.70","2,016.20","2,092.70","2,080.00","-","-12.7","-0.61","139950","28.75","2,374.00","966.70","-0.24","43.69"
"RALLIS","212.00","212.10","207.53","211.50","209.14","-","-2.36","-1.12","1372270","28.70","385.80","207.53","-8.7","-43.59"
"ESCORTS","3,128.90","3,131.00","3,097.50","3,107.00","3,119.00","-","12","0.39","92021","28.66","4,180.00","2,700.00","6.02","-7.71"
"EMMVEE","319.00","319.55","313.45","318.40","318.05","-","-0.35","-0.11","895867","28.33","371.55","171.51","-4.56","0"
"ABDL","622.60","622.90","603.05","619.80","614.40","-","-5.4","-0.87","460412","28.01","711.70","382.10","-5.29","24.42"
"GABRIEL","1,510.00","1,510.00","1,471.20","1,501.40","1,480.00","-","-18.3","-1.22","188740","27.98","1,600.00","795.70","18.32","38.89"
"CLEAN","814.95","814.95","800.20","810.00","805.00","-","-5","-0.62","345999","27.86","1,256.80","652.00","4.54","-30.59"
"CENTRALBK","31.23","31.66","31.00","31.19","31.30","-","0.11","0.35","8874627","27.82","40.92","29.32","-3.99","-13.51"
"AWL","192.86","195.00","191.30","192.86","194.60","-","1.74","0.9","1431527","27.69","282.90","171.19","2.42","-22.96"
"AKUMS","760.95","775.00","746.35","760.95","750.00","-","-10.95","-1.44","359719","27.32","775.00","409.30","6.85","55.91"
"PCBL","323.00","323.55","313.00","322.15","313.50","-","-8.65","-2.69","848789","27.00","425.95","226.50","1.28","-18.68"
"RELIGARE","227.35","240.50","226.20","227.35","240.05","-","12.7","5.59","1145480","26.75","280.00","196.51","-11.24","-4.29"
"JKCEMENT","5,359.50","5,438.50","5,290.00","5,361.00","5,371.00","-","10","0.19","49895","26.74","7,565.50","4,671.50","-0.51","-23.54"
"JSFB","528.00","555.05","519.00","526.60","548.75","-","22.15","4.21","500850","26.72","593.00","330.00","15.75","19.2"
"ITCHOTELS","167.00","168.96","166.25","166.89","168.45","-","1.56","0.93","1579629","26.49","253.67","137.30","-10.01","-26.06"
"IPCALAB","1,758.50","1,784.40","1,744.00","1,748.40","1,769.00","-","20.6","1.18","149151","26.27","1,944.90","1,251.60","-1.06","28.5"
"LOTUSDEV","160.01","176.10","159.75","167.72","174.00","-","6.28","3.74","1556874","26.19","218.49","102.20","19.65","-11.5"
"JAMNAAUTO","125.40","127.62","123.30","125.51","123.90","-","-1.61","-1.28","2078458","26.00","152.60","88.42","-9.27","36.2"
"IDBI","82.44","83.44","82.20","82.44","82.69","-","0.25","0.3","3078680","25.45","118.38","61.01","-0.24","-6.44"
"CCAVENUE","16.50","16.60","15.85","16.42","16.10","-","-0.32","-1.95","15830282","25.38","20.50","12.92","-11.05","7.12"
"LLOYDSENT","80.00","80.00","77.00","80.48","78.03","-","-2.45","-3.04","3241276","25.36","84.70","40.69","-0.19","12.03"
"PGIL","2,425.10","2,484.60","2,400.10","2,434.90","2,482.00","-","47.1","1.93","103039","25.29","2,539.60","1,178.10","24.22","98.15"
"BAJAJHLDNG","11,587.00","11,587.00","11,410.00","11,550.00","11,579.00","-","29","0.25","21972","25.28","14,763.00","8,588.00","8.68","-16.12"
"SONATSOFTW","333.90","334.65","322.00","333.90","322.45","-","-11.45","-3.43","771417","25.27","421.50","207.15","13","-13.69"
"SCHAEFFLER","4,151.30","4,189.90","4,105.50","4,151.30","4,128.70","-","-22.6","-0.54","60324","25.07","4,467.70","3,518.40","1.07","6.68"
"INDIAMART","1,798.00","1,810.00","1,764.10","1,784.30","1,785.00","-","0.7","0.04","139878","24.96","2,685.00","1,730.00","-7.22","-29.2"
"APOLLOTYRE","443.00","448.25","441.35","443.00","444.30","-","1.3","0.29","560928","24.94","540.50","365.30","0.95","-0.53"
"INDGN","569.90","577.70","562.80","567.60","567.55","-","-0.05","-0.01","439544","24.91","596.80","414.00","11.44","-1.22"
"GNFC","549.85","556.40","548.90","548.40","550.00","-","1.6","0.29","449732","24.81","616.00","365.00","9.46","9.32"
"NATCOPHARM","907.95","922.15","906.00","907.00","917.00","-","10","1.1","270111","24.71","1,226.80","789.00","-6.82","3.23"
"JINDALSAW","273.50","276.40","268.25","273.55","269.45","-","-4.1","-1.5","898986","24.41","281.00","153.00","-2.3","35.41"
"GRANULES","857.50","870.00","854.40","861.00","862.50","-","1.5","0.17","283049","24.41","910.00","439.15","-3.07","89.52"
"MANYAVAR","526.90","526.90","511.00","522.00","518.60","-","-3.4","-0.65","468600","24.34","796.55","329.20","32.25","-29.81"
"EMBDL","65.00","65.10","61.45","64.72","62.00","-","-2.72","-4.2","3861184","24.19","105.70","39.46","-6.4","-33.76"
"SYNGENE","410.00","411.80","403.80","407.25","409.20","-","1.95","0.48","591399","24.14","684.60","375.25","-2.65","-36.94"
"ACMESOLAR","369.00","375.00","367.50","368.45","372.90","-","4.45","1.21","647813","24.09","398.65","195.90","-1.09","30.43"
"INDIASHLTR","642.60","688.20","642.60","646.85","679.00","-","32.15","4.97","352904","23.85","968.75","640.00","-15.13","-26.44"
"NAZARA","354.55","358.00","350.00","355.40","353.00","-","-2.4","-0.68","674988","23.85","363.25","215.70","16","-0.61"
"ZENSARTECH","502.85","503.00","489.80","500.60","494.50","-","-6.1","-1.22","477614","23.64","868.95","423.00","-2.71","-38.86"
"PFOCUS","282.50","285.30","265.40","281.55","269.40","-","-12.15","-4.32","867452","23.54","367.00","139.04","4.95","80.78"
"GREAVESCOT","198.10","198.49","190.57","197.78","193.80","-","-3.98","-2.01","1212348","23.53","271.90","119.99","-26.48","-9.37"
"URBANCO","139.01","141.28","137.39","139.75","140.00","-","0.25","0.18","1683235","23.38","201.18","100.70","5.46","0"
"COHANCE","465.00","468.35","443.00","463.95","443.05","-","-20.9","-4.5","517907","23.33","1,038.90","266.70","-1.96","-53.4"
"ARVIND","569.95","574.20","559.00","567.65","565.50","-","-2.15","-0.38","405680","23.09","600.00","274.80","7.37","93.23"
"SUPRIYA","848.30","852.95","825.35","851.00","831.00","-","-20","-2.35","274814","22.93","1,085.00","545.50","-2.76","27.66"
"JAYNECOIND","92.70","93.66","89.57","93.00","90.34","-","-2.66","-2.86","2518788","22.93","117.00","52.51","-1.25","50.59"
"PIRAMALFIN","2,114.70","2,119.80","2,060.00","2,114.70","2,065.50","-","-49.2","-2.33","108943","22.71","2,220.00","1,260.00","-4.68","0"
"HAPPSTMNDS","394.00","394.65","384.75","394.35","390.50","-","-3.85","-0.98","583657","22.70","635.00","330.20","1.09","-32.62"
"CEATLTD","3,763.00","3,773.70","3,707.40","3,750.20","3,725.00","-","-25.2","-0.67","60641","22.62","4,438.00","3,000.50","-3.66","19.49"
"EUREKAFORB","454.10","473.10","445.60","452.20","452.00","-","-0.2","-0.04","489669","22.53","668.30","403.20","-0.07","-18.59"
"CELLO","382.35","382.35","366.50","378.60","377.15","-","-1.45","-0.38","604740","22.49","673.80","336.60","2.31","-33.05"
"CHOICEIN","822.80","827.90","810.55","822.40","814.00","-","-8.4","-1.02","273711","22.35","860.50","568.70","-2.51","3.15"
"TORNTPOWER","1,335.00","1,338.90","1,311.40","1,330.40","1,321.80","-","-8.6","-0.65","168475","22.25","1,824.10","1,188.00","-6.88","-2.67"
"J&KBANK","157.19","157.94","155.26","156.86","157.40","-","0.54","0.34","1408763","22.10","201.75","97.35","-18.3","50.21"
"PNCINFRA","223.40","224.19","216.74","222.40","223.01","-","0.61","0.27","993122","22.04","325.00","158.17","-8.18","-27.3"
"COROMANDEL","2,074.70","2,085.90","2,052.00","2,085.20","2,079.50","-","-5.7","-0.27","105488","21.79","2,500.00","1,706.50","0.57","-13.25"
"CIEINDIA","415.20","423.00","411.00","413.00","412.45","-","-0.55","-0.13","520775","21.74","526.00","381.10","-11.17","4.09"
"SKFINDUS","2,640.10","2,754.00","2,605.10","2,730.00","2,625.00","-","-105","-3.85","80353","21.74","3,041.00","1,994.10","-7.26","0"
"LTFOODS","419.35","432.10","417.00","419.30","427.00","-","7.7","1.84","502746","21.46","480.00","333.15","9.74","-6.49"
"LTTS","3,652.70","3,656.10","3,557.70","3,652.70","3,580.00","-","-72.7","-1.99","59654","21.45","4,726.00","3,010.00","9.21","-14.53"
"JBMA","647.00","650.00","622.50","643.90","629.00","-","-14.9","-2.31","336875","21.33","790.00","477.00","-8.13","4.62"
"BALAMINES","2,129.00","2,148.90","2,062.10","2,123.70","2,087.00","-","-36.7","-1.73","101297","21.19","2,443.60","968.10","-13.58","35.45"
"ELECON","433.30","443.10","428.00","436.40","441.20","-","4.8","1.1","486802","21.18","634.90","352.00","-13.58","-19.11"
"ONESOURCE","1,598.90","1,609.90","1,530.10","1,598.90","1,533.00","-","-65.9","-4.12","135574","21.12","1,925.00","1,057.00","-5.77","-19.31"
"USHAMART","514.40","516.00","499.00","509.90","501.40","-","-8.5","-1.67","415137","21.11","527.50","333.60","-1.71","43.18"
"VIKRAMSOLR","161.86","161.86","158.44","160.61","159.35","-","-1.26","-0.78","1311248","20.90","407.95","155.38","-21.64","0"
"METROPOLIS","570.00","582.40","550.10","566.25","551.20","-","-15.05","-2.66","365205","20.54","609.05","412.25","-2.95","5.35"
"TARIL","297.00","298.70","291.00","297.10","291.60","-","-5.5","-1.85","692010","20.35","552.00","224.05","-15.42","-42.52"
"ELGIEQUIP","572.00","583.20","572.00","573.85","572.50","-","-1.35","-0.24","351146","20.31","633.85","408.25","-0.67","10.4"
"MANORAMA","1,599.00","1,639.40","1,594.60","1,597.80","1,622.60","-","24.8","1.55","122560","19.92","1,706.90","1,060.60","1.2","20.12"
"INOXGREEN","182.31","187.75","175.19","184.41","187.70","-","3.29","1.78","1069323","19.86","279.00","132.58","-2.07","18.29"
"GOKULAGRO","227.83","239.49","225.45","226.03","236.20","-","10.17","4.5","845538","19.63","249.92","147.90","8.49","50.4"
"IMFA","1,481.00","1,505.00","1,465.00","1,481.60","1,472.00","-","-9.6","-0.65","131612","19.53","1,679.90","721.85","5.08","95.85"
"RAMCOCEM","938.40","940.00","914.00","934.05","919.00","-","-15.05","-1.61","210443","19.42","1,214.50","838.30","-2.45","-13.24"
"SUMICHEM","558.15","558.25","541.05","558.10","547.00","-","-11.1","-1.99","354667","19.41","617.45","362.60","6.48","-7.99"
"DATAMATICS","865.50","872.25","851.30","862.70","857.70","-","-5","-0.58","225886","19.37","1,088.00","632.00","-4.75","-18.96"
"CYIENT","854.30","862.60","839.00","853.40","842.00","-","-11.4","-1.34","226541","19.17","1,284.70","750.30","0.1","-28.08"
"HDBFS","685.70","699.20","685.00","693.10","689.50","-","-3.6","-0.52","277748","19.14","811.80","555.30","-8.73","-7.2"
"VOLTAMP","10,056.00","10,110.00","9,982.00","10,017.00","10,001.00","-","-16","-0.16","19049","19.10","12,863.00","6,666.00","4.59","25.31"
"TITAGARH","847.10","848.95","826.00","844.80","828.00","-","-16.8","-1.99","222868","18.66","971.00","568.70","-0.93","3.57"
"DCBBANK","186.05","191.73","186.00","185.02","187.70","-","2.68","1.45","984286","18.63","205.90","119.51","-0.51","49.57"
"JKTYRE","392.95","392.95","385.50","390.85","386.00","-","-4.85","-1.24","479266","18.54","611.90","311.00","-5.92","22.97"
"JUBLINGREA","733.10","738.20","714.30","733.10","717.20","-","-15.9","-2.17","254422","18.41","795.00","537.30","-0.71","2.91"
"BRIGADE","605.50","607.65","585.45","605.10","592.00","-","-13.1","-2.16","308751","18.34","802.01","450.75","3.03","-18.98"
"BLUEJET","591.00","591.00","578.55","590.70","588.85","-","-1.85","-0.31","312902","18.29","805.00","325.00","-5.64","-24.18"
"ACC","1,349.00","1,349.00","1,324.00","1,339.80","1,335.90","-","-3.9","-0.29","137292","18.29","1,987.00","1,251.70","-3.51","-25.27"
"NTPCGREEN","93.01","93.24","91.70","93.01","92.69","-","-0.32","-0.34","1946814","17.95","119.95","84.00","-1.5","-9.73"
"ECLERX","1,806.00","1,822.00","1,781.40","1,795.60","1,812.00","-","16.4","0.91","98896","17.87","2,497.50","1,320.00","11.73","-11.49"
"INOXINDIA","1,925.00","1,951.30","1,897.70","1,938.00","1,905.00","-","-33","-1.7","92266","17.72","2,119.80","1,065.00","-3.69","73.88"
"IRCON","128.14","129.38","125.77","128.14","126.45","-","-1.69","-1.32","1396832","17.71","189.50","114.50","-3.74","-24.34"
"ANURAS","1,205.50","1,212.90","1,194.70","1,209.30","1,201.90","-","-7.4","-0.61","146323","17.64","1,415.00","1,045.20","-5.21","5.63"
"PRIVISCL","3,582.10","3,603.20","3,552.50","3,586.70","3,577.80","-","-8.9","-0.25","49047","17.56","3,785.30","2,193.90","-2.32","47.25"
"AETHER","1,642.30","1,644.60","1,606.00","1,634.20","1,621.00","-","-13.2","-0.81","106756","17.36","1,645.00","726.45","8.01","120.44"
"IRB","19.56","19.62","19.30","19.56","19.34","-","-0.22","-1.12","8884401","17.18","23.95","19.15","-4.68","-13.43"
"SUNDARMFIN","4,477.90","4,528.00","4,401.50","4,447.40","4,514.40","-","67","1.51","38609","17.15","5,642.00","4,000.00","-1.32","0.32"
"UTIAMC","907.00","924.90","907.00","905.80","915.00","-","9.2","1.02","186050","17.02","1,418.00","876.00","-8.89","-31.5"
"KNRCON","136.84","137.14","131.47","136.84","133.50","-","-3.34","-2.44","1269079","16.94","220.00","108.65","3.45","-33.87"
"GLAXO","2,601.00","2,624.90","2,579.50","2,601.90","2,615.00","-","13.1","0.5","64718","16.93","2,883.40","2,088.10","7.25","1.02"
"POWERMECH","2,430.90","2,438.90","2,400.00","2,442.30","2,405.00","-","-37.3","-1.53","69969","16.88","3,260.00","1,717.70","-8.9","-23.38"
"EDELWEISS","119.37","120.30","117.41","119.08","118.76","-","-0.32","-0.27","1403486","16.64","133.90","91.78","-1.15","25.67"
"ABSLAMC","1,017.80","1,042.00","1,010.90","1,019.70","1,041.50","-","21.8","2.14","161763","16.64","1,224.90","708.00","-9.17","22.57"
"MAPMYINDIA","1,018.30","1,020.10","986.60","1,013.30","995.00","-","-18.3","-1.81","165017","16.45","1,998.00","795.00","-8.16","-44.35"
"DALBHARAT","1,835.60","1,844.00","1,812.00","1,835.60","1,841.40","-","5.8","0.32","89855","16.43","2,496.30","1,605.00","3.07","-18.28"
"EMAMILTD","402.30","402.50","395.90","402.30","396.35","-","-5.95","-1.48","407075","16.20","634.20","376.40","-5.94","-31.31"
"KIRLPNU","1,498.80","1,506.00","1,480.30","1,492.00","1,493.50","-","1.5","0.1","107924","16.12","2,197.10","990.10","-16.27","13.81"
"AIIL","560.05","567.80","547.15","573.45","557.00","-","-16.45","-2.87","289425","16.08","683.00","400.00","8.37","-3.28"
"THELEELA","513.70","523.70","494.40","512.25","504.00","-","-8.25","-1.61","312729","16.01","527.00","384.50","0.6","16.6"
"AARTIDRUGS","445.05","445.05","419.90","439.35","433.00","-","-6.35","-1.45","365458","15.83","534.55","318.95","9.12","-11.53"
"KPRMILL","1,103.00","1,104.00","1,085.00","1,096.50","1,087.50","-","-9","-0.82","144628","15.80","1,334.00","796.10","-2.04","13.8"
"PARKHOSPS","282.55","288.35","281.00","282.55","283.20","-","0.65","0.23","552846","15.75","305.00","138.10","-1.01","0"
"SHAKTIPUMP","510.00","514.00","508.00","510.60","509.00","-","-1.6","-0.31","302641","15.43","915.00","456.35","-12.13","-39.09"
"BAJAJHFL","85.60","85.62","84.62","85.18","84.79","-","-0.39","-0.46","1812989","15.39","117.98","72.65","-3.72","-24.57"
"IGL","154.00","155.00","152.53","153.07","154.85","-","1.78","1.16","989560","15.27","223.50","141.74","0.51","-24.84"
"TRIVENI","239.00","244.00","238.40","238.40","243.80","-","5.4","2.27","623829","15.06","490.10","220.05","-47.28","-28.33"
"SWSOLAR","203.58","203.99","200.05","202.98","202.00","-","-0.98","-0.48","743629","15.01","286.50","148.00","-14.61","-27.02"
"ASHOKA","116.45","116.50","113.00","116.99","114.00","-","-2.99","-2.56","1312834","14.96","214.50","101.00","-13.37","-36.61"
"NCC","144.82","145.38","143.01","144.76","144.00","-","-0.76","-0.53","1041362","14.96","225.40","130.00","-1.21","-35.38"
"GICRE","355.75","358.50","352.80","355.70","355.50","-","-0.2","-0.06","420356","14.93","417.95","346.70","-2.6","-9.81"
"TRANSRAILL","473.90","476.00","463.90","473.40","467.70","-","-5.7","-1.2","318603","14.92","855.80","450.05","-7.94","-40.62"
"STARHEALTH","584.70","587.75","580.70","584.70","583.85","-","-0.85","-0.15","255220","14.90","624.90","416.55","-3.22","31.25"
"SPARC","206.00","206.64","201.00","205.26","202.10","-","-3.16","-1.54","733126","14.88","289.00","108.00","-23.62","42.42"
"TBOTEK","1,637.30","1,647.00","1,590.00","1,639.70","1,593.70","-","-46","-2.81","91830","14.85","1,764.80","1,004.20","5.9","10.26"
"JKPAPER","391.90","395.50","386.10","390.65","386.25","-","-4.4","-1.13","376041","14.71","444.80","304.85","5.71","10.37"
"GPPL","148.49","150.80","147.86","148.13","150.49","-","2.36","1.59","986838","14.70","200.09","141.55","-2.47","-3.96"
"GSFC","162.00","163.72","159.04","161.34","160.41","-","-0.93","-0.58","905558","14.64","220.59","138.83","-0.3","-21.35"
"QUESS","324.00","335.50","323.35","324.20","335.50","-","11.3","3.49","441540","14.61","349.50","166.30","16.43","21.82"
"GODREJIND","1,304.80","1,305.00","1,219.10","1,289.80","1,231.80","-","-58","-4.5","116124","14.59","1,443.00","744.20","-13.11","12.42"
"FIVESTAR","545.00","555.50","545.00","546.25","554.85","-","8.6","1.57","263148","14.52","666.00","338.15","1.55","-2.99"
"TIMKEN","3,219.90","3,252.60","3,200.00","3,211.60","3,250.00","-","38.4","1.2","44928","14.49","3,925.00","2,800.50","1.4","12.41"
"ZAGGLE","207.50","207.50","198.50","203.64","202.00","-","-1.64","-0.81","697796","14.07","417.60","186.05","-2.79","-45.74"
"SANDUMA","204.40","207.28","201.49","204.39","203.25","-","-0.64","-0.31","684005","13.95","273.00","141.37","-0.04","29.69"
"SIGNATURE","814.90","814.90","801.05","814.90","805.00","-","-9.9","-1.21","171961","13.85","1,158.00","705.20","-5.17","-27.49"
"BAYERCROP","4,112.50","4,127.50","4,050.10","4,116.10","4,107.70","-","-8.4","-0.2","33613","13.76","5,706.00","4,030.00","-0.54","-27.19"
"MSTCLTD","573.20","599.00","573.00","571.00","590.00","-","19","3.33","232536","13.66","743.90","362.15","-12.03","25.55"
"THOMASCOOK","110.35","110.35","106.49","109.43","107.00","-","-2.43","-2.22","1269201","13.62","181.55","86.35","3.9","-32.15"
"CONCORDBIO","1,435.40","1,460.00","1,424.40","1,428.90","1,445.00","-","16.1","1.13","93615","13.50","1,801.90","987.00","10.75","-12.33"
"HCG","735.00","738.95","724.15","738.95","737.50","-","-1.45","-0.2","183448","13.45","796.68","513.30","10.67","10.95"
"FEDFINA","155.00","155.51","150.93","154.63","151.01","-","-3.62","-2.34","879332","13.44","178.48","119.07","-5.23","16.13"
"HGINFRA","553.00","575.75","547.80","547.80","557.00","-","11.2","2.05","232826","13.10","1,049.95","429.50","-1.18","-43.73"
"MMTC","65.80","66.20","64.01","64.98","64.10","-","-0.88","-1.35","1977239","12.87","78.35","50.10","-1.54","3.37"
"PTCIL","18,898.00","19,063.00","18,720.00","18,906.00","19,000.00","-","94","0.5","6812","12.86","19,851.00","13,251.00","7.94","33.9"
"UTLSOLAR","395.95","398.95","382.70","394.65","392.00","-","-2.65","-0.67","331296","12.86","424.80","172.00","2.43","0"
"OSWALPUMPS","305.25","307.95","299.40","306.35","301.20","-","-5.15","-1.68","425262","12.84","888.40","283.10","-26.59","-60.86"
"CRISIL","4,508.60","4,522.80","4,450.00","4,480.80","4,486.00","-","5.2","0.12","28123","12.65","5,451.00","3,686.00","9.48","-12.37"
"V2RETAIL","225.15","225.15","217.80","224.32","219.40","-","-4.92","-2.19","566703","12.56","259.25","158.56","-0.38","26.69"
"NSLNISP","44.20","44.65","43.70","44.15","43.80","-","-0.35","-0.79","2802778","12.37","53.75","33.01","1.11","22.18"
"LATENTVIEW","295.95","296.80","287.50","294.75","290.00","-","-4.75","-1.61","423620","12.36","517.50","248.00","-3.7","-27.02"
"JSWDULUX","3,169.90","3,169.90","3,080.00","3,157.00","3,100.10","-","-56.9","-1.8","39483","12.30","3,745.00","2,658.70","5.68","-9.49"
"AEGISVOPAK","280.20","280.25","272.80","280.55","275.35","-","-5.2","-1.85","442476","12.22","311.49","158.00","-2.77","11.55"
"BAJAJELEC","361.45","368.90","358.00","360.35","366.00","-","5.65","1.57","333056","12.14","653.80","301.00","10.54","-36.3"
"WHIRLPOOL","800.00","800.00","782.10","795.05","787.00","-","-8.05","-1.01","153449","12.10","1,437.00","753.15","-1.02","-36.69"
"ASKAUTOLTD","654.25","660.00","646.00","654.25","652.00","-","-2.25","-0.34","185247","12.08","687.70","375.30","38.18","38.3"
"TMB","832.95","871.95","832.95","867.00","857.00","-","-10","-1.15","140341","12.06","917.00","411.80","6.91","99.7"
"ADVENZYMES","304.50","308.85","294.50","298.30","302.00","-","3.7","1.24","400660","12.04","419.00","251.95","-8.44","0.73"
"AADHARHFC","498.20","506.00","496.10","501.55","497.00","-","-4.55","-0.91","240315","12.04","563.00","430.15","-7.02","-1.82"
"APLLTD","838.85","852.60","833.00","838.85","844.10","-","5.25","0.63","142034","11.94","1,002.00","635.80","0.8","-10.91"
"JWL","262.00","262.25","257.50","262.40","258.55","-","-3.85","-1.47","459989","11.92","372.85","235.65","0.68","-21.59"
"ASAHIINDIA","903.15","906.90","879.10","901.65","890.00","-","-11.65","-1.29","133831","11.90","1,074.00","775.10","-2.72","8.79"
"HEXT","565.05","579.40","552.50","565.15","578.90","-","13.75","2.43","209205","11.76","829.40","400.20","5.21","-18.05"
"AXISCADES","1,531.00","1,575.00","1,531.00","1,545.50","1,553.80","-","8.3","0.54","75360","11.70","2,211.00","1,063.30","-3.09","28.49"
"DBL","422.30","423.80","411.60","422.20","414.00","-","-8.2","-1.94","280623","11.66","585.00","381.55","-2.89","-13.5"
"CESC","160.96","162.84","160.40","161.01","162.21","-","1.2","0.75","720532","11.64","204.50","138.12","-1.05","-1.58"
"SUNTV","485.00","487.80","475.85","483.70","477.00","-","-6.7","-1.39","242137","11.61","660.70","475.85","-4.54","-17.32"
"CAMPUS","218.99","220.10","217.10","218.82","218.99","-","0.17","0.08","530672","11.58","297.00","215.20","-5.24","-16.3"
"TIPSMUSIC","677.00","680.35","666.40","669.10","674.60","-","5.5","0.82","171365","11.55","741.00","481.15","-5.19","15.2"
"SHARDACROP","803.30","808.85","795.05","806.40","798.80","-","-7.6","-0.94","142876","11.45","1,297.00","755.55","-12.68","-18.45"
"MEDPLUS","680.00","690.50","672.00","679.15","672.00","-","-7.15","-1.05","166414","11.31","1,022.20","653.00","-18.65","-17.56"
"ELECTCAST","73.60","74.30","71.92","73.56","73.97","-","0.41","0.56","1539684","11.26","108.71","60.15","-4.27","-26.59"
"ALIVUS","1,393.60","1,398.90","1,346.20","1,393.60","1,354.80","-","-38.8","-2.78","82193","11.23","1,418.00","819.00","16.78","41.17"
"NUVOCO","331.25","334.65","326.40","331.25","333.20","-","1.95","0.59","338524","11.19","477.50","276.25","4.06","-26.05"
"JUSTDIAL","700.95","707.65","673.60","694.95","683.50","-","-11.45","-1.65","160462","11.11","878.60","480.50","21.18","-17.78"
"ZYDUSWELL","507.95","512.00","501.95","506.10","506.00","-","-0.1","-0.02","217895","11.08","611.85","367.55","-14.59","30.32"
"INDIAGLYCO","1,077.00","1,085.00","1,044.00","1,073.10","1,049.90","-","-23.2","-2.16","103709","10.99","1,222.00","792.50","-1.67","22.34"
"JSWCEMENT","131.52","132.45","130.20","131.52","130.58","-","-0.94","-0.71","836481","10.94","162.15","106.65","-5.53","0"
"IOB","34.30","34.51","33.71","34.21","33.90","-","-0.31","-0.91","3192118","10.90","41.80","31.20","-1.97","-6.3"
"HOMEFIRST","1,173.70","1,187.00","1,167.30","1,176.00","1,184.90","-","8.9","0.76","91800","10.83","1,375.00","893.70","-3.09","-4.21"
"SAMHI","164.81","166.50","164.00","164.81","164.48","-","-0.33","-0.2","655222","10.80","227.00","127.00","-4.97","-24.75"
"CCL","1,123.90","1,140.00","1,122.00","1,123.60","1,130.10","-","6.5","0.58","93753","10.59","1,242.20","815.50","-6.91","30.89"
"TARC","126.65","132.90","126.65","128.98","128.05","-","-0.93","-0.72","816652","10.58","186.30","109.10","3.09","-22.29"
"TARC","126.65","132.90","126.65","128.98","128.05","-","-0.93","-0.72","816652","10.58","186.30","109.10","3.09","-22.29"
"RATNAMANI","2,255.00","2,300.00","2,223.00","2,255.00","2,258.50","-","3.5","0.16","46513","10.54","3,345.00","1,936.50","-16.16","-3.3"
"IGIL","351.50","351.95","339.90","347.20","345.00","-","-2.2","-0.63","301469","10.35","392.00","287.00","-0.55","3.22"
"STAR","1,004.00","1,009.90","990.00","1,002.80","990.00","-","-12.8","-1.28","101431","10.16","1,231.00","768.65","-8.55","21.32"
"AURIONPRO","728.40","729.00","710.25","727.15","720.00","-","-7.15","-0.98","140242","10.08","1,507.00","710.25","-16.06","-47.75"
"ZFCVINDIA","2,615.00","2,644.70","2,605.30","2,615.00","2,612.30","-","-2.7","-0.1","38354","10.08","3,044.00","2,050.33","11.93","13.88"
"RITES","226.74","228.00","222.58","226.67","223.50","-","-3.17","-1.4","447470","10.06","280.90","175.00","-1.38","-10.2"
"IONEXCHANG","381.00","381.55","375.00","380.90","378.00","-","-2.9","-0.76","266067","10.05","486.00","312.70","-19.28","-14.02"
"AAVAS","1,396.80","1,433.30","1,388.10","1,396.80","1,404.70","-","7.9","0.57","70390","9.96","1,771.90","1,060.40","-7.94","-18.69"
"RAINBOW","1,514.00","1,516.40","1,472.20","1,504.10","1,478.80","-","-25.3","-1.68","66397","9.90","1,610.00","1,084.00","0.57","-3.82"
"BLACKBUCK","573.95","573.95","557.70","571.50","571.00","-","-0.5","-0.09","174316","9.86","748.00","496.00","-1.36","9.78"
"OPTIEMUS","541.00","564.00","536.40","543.95","560.00","-","16.05","2.95","179725","9.86","713.00","288.00","3.5","-2.23"
"GAEL","169.00","169.70","165.00","168.87","165.00","-","-3.87","-2.29","583895","9.74","184.03","101.20","6.94","59.34"
"PRAJIND","329.90","332.50","324.00","329.90","324.10","-","-5.8","-1.76","296523","9.67","451.85","273.00","-8.91","-21.64"
"MASTEK","1,812.60","1,831.00","1,793.20","1,812.60","1,818.00","-","5.4","0.3","53013","9.63","2,625.00","1,334.20","8.21","-27.73"
"VAIBHAVGBL","236.20","238.40","231.25","237.65","232.95","-","-3.2","-1.36","410352","9.58","293.25","174.13","-10.87","7.53"
"AVL","615.00","622.00","604.90","616.10","621.00","-","4.9","0.8","155701","9.55","705.00","413.15","-2.33","48.94"
"REFEX","297.00","297.70","291.75","294.75","293.80","-","-0.95","-0.32","322872","9.50","422.00","188.00","-14.78","-28.5"
"3MINDIA","36,300.00","36,390.00","35,760.00","36,115.00","35,865.00","-","-250","-0.69","2637","9.48","38,030.00","28,730.00","1.4","15.6"
"ALKYLAMINE","1,942.00","1,945.90","1,881.50","1,947.40","1,893.90","-","-53.5","-2.75","48728","9.31","2,201.90","1,212.00","-3.17","-8.65"
"SAREGAMA","529.10","529.50","514.05","529.10","515.30","-","-13.8","-2.61","178262","9.26","574.50","307.05","7.53","7.63"
"KIRLOSBROS","1,972.50","1,972.50","1,895.20","1,955.90","1,904.00","-","-51.9","-2.65","47986","9.25","2,189.20","1,335.00","-0.86","1.36"
"ERIS","1,395.00","1,395.00","1,341.30","1,390.30","1,350.90","-","-39.4","-2.83","67924","9.22","1,820.00","1,200.00","-5.61","-19.56"
"GMMPFAUDLR","1,003.80","1,008.30","988.00","1,003.80","990.50","-","-13.3","-1.32","89832","8.95","1,324.70","735.00","31.28","-23.54"
"KANSAINER","212.97","214.03","207.10","212.26","207.24","-","-5.02","-2.37","420252","8.86","264.00","157.91","2.27","-13.06"
"RAILTEL","287.00","287.70","284.00","287.30","286.00","-","-1.3","-0.45","309175","8.84","412.90","245.00","-6.99","-17.48"
"EQUITASBNK","74.60","74.78","73.50","74.78","74.53","-","-0.25","-0.33","1185790","8.81","83.90","50.00","-9.38","35.73"
"VTL","596.15","600.60","588.10","596.00","590.00","-","-6","-1.01","145328","8.62","688.00","383.70","-7.25","47.63"
"LXCHEM","175.35","176.46","171.93","174.89","173.30","-","-1.59","-0.91","490815","8.51","241.00","107.60","11.44","-4.96"
"SARDAEN","497.35","499.75","487.90","495.85","490.00","-","-5.85","-1.18","170619","8.41","639.75","453.10","-2.19","-11.17"
"IXIGO","183.95","183.95","177.67","183.50","178.60","-","-4.9","-2.67","465902","8.38","339.15","151.27","-13.79","-29.17"
"BANCOINDIA","638.00","639.05","626.60","633.85","627.05","-","-6.8","-1.07","132463","8.35","879.80","502.00","-8.04","16.12"
"TEXRAIL","107.34","108.25","106.61","107.34","108.25","-","0.91","0.85","773469","8.30","153.00","78.05","-6.99","-22.95"
"UCOBANK","25.92","26.45","25.92","26.12","26.15","-","0.03","0.11","3124920","8.19","34.20","22.22","-2.06","-7.7"
"RAYMONDLSL","729.00","729.60","712.80","725.80","719.00","-","-6.8","-0.94","113518","8.17","1,350.00","677.00","-3.35","-32.16"
"RTNINDIA","30.68","31.02","30.02","30.68","30.14","-","-0.54","-1.76","2641745","8.04","64.00","24.40","-10.22","-40.41"
"KRBL","370.40","376.05","366.00","370.55","375.00","-","4.45","1.2","214572","7.95","495.00","274.65","2.42","-16.81"
"VMART","814.70","815.20","795.00","814.70","801.60","-","-13.1","-1.61","98907","7.93","888.00","457.90","3.05","7"
"WAAREERTL","903.00","904.50","894.00","904.65","896.95","-","-7.7","-0.85","88268","7.92","1,358.00","779.50","-11.74","-10.58"
"CSBBANK","326.05","326.20","317.00","324.55","319.00","-","-5.55","-1.71","247247","7.89","574.40","315.25","-11.49","-21.46"
"ARVINDFASN","451.15","451.15","438.30","447.50","443.90","-","-3.6","-0.8","174110","7.71","579.00","366.20","-4.74","-13.33"
"UBL","1,405.00","1,405.50","1,384.00","1,400.00","1,384.90","-","-15.1","-1.08","54951","7.65","1,939.90","1,276.00","4.18","-27.87"
"ROUTE","531.05","531.15","515.70","530.10","517.00","-","-13.1","-2.47","146149","7.64","921.60","410.70","-5.35","-40.09"
"SJVN","67.25","67.47","66.96","67.24","67.01","-","-0.23","-0.34","1127777","7.57","101.45","63.02","-5.46","-31.62"
"BIKAJI","619.95","621.35","606.15","619.85","609.00","-","-10.85","-1.75","122851","7.53","818.70","592.55","-5.33","-15.44"
"GILLETTE","7,660.00","7,660.00","7,581.50","7,641.50","7,585.00","-","-56.5","-0.74","9849","7.48","10,740.00","7,206.00","-3.31","-27.06"
"SOBHA","1,355.00","1,355.00","1,327.00","1,342.10","1,334.00","-","-8.1","-0.6","55797","7.46","1,732.00","1,130.00","-11.73","-11.55"
"CANFINHOME","826.00","826.85","817.10","825.90","820.00","-","-5.9","-0.71","89754","7.38","971.50","708.60","-11.01","10.37"
"RTNPOWER","8.54","8.58","8.43","8.54","8.44","-","-0.1","-1.17","8677132","7.35","12.90","7.52","-6.12","-29.08"
"ABREL","1,419.30","1,419.40","1,371.10","1,400.80","1,378.00","-","-22.8","-1.63","52933","7.33","1,965.30","1,080.10","-4.77","-24.24"
"CHAMBLFERT","444.30","444.95","441.35","444.35","442.95","-","-1.4","-0.32","165429","7.32","580.70","399.75","-2.38","-17.46"
"FIRSTCRY","215.05","216.39","213.33","214.08","214.80","-","0.72","0.34","341283","7.32","438.70","202.56","1.2","-42.74"
"PRSMJOHNSN","109.46","110.50","105.40","108.59","106.10","-","-2.49","-2.29","685755","7.31","176.00","97.10","-5.86","-24.7"
"WAKEFIT","125.03","126.00","122.20","124.48","123.12","-","-1.36","-1.09","589186","7.27","224.00","111.40","-5.15","0"
"MAHSEAMLES","597.75","612.05","592.90","595.00","610.05","-","15.05","2.53","118552","7.15","698.00","500.70","1.95","-10.28"
"KSB","811.85","814.45","785.05","811.85","787.90","-","-23.95","-2.95","89522","7.11","1,028.30","666.65","-16.2","-0.34"
"KSCL","808.95","808.95","781.10","799.00","785.00","-","-14","-1.75","89601","7.10","1,225.00","705.10","-9.76","-28.94"
"STYRENIX","2,260.00","2,260.00","2,203.10","2,230.50","2,216.90","-","-13.6","-0.61","31884","7.09","2,804.00","1,780.00","-2.4","-19.22"
"WELENT","574.50","579.50","568.00","572.30","570.35","-","-1.95","-0.34","122967","7.05","634.90","412.00","-7.11","28.05"
"NETWORK18","29.09","29.12","28.57","29.14","28.73","-","-0.41","-1.41","2435163","7.01","58.55","27.38","-7.83","-48.87"
"IIFLCAPS","334.80","338.00","333.90","334.80","338.00","-","3.2","0.96","207047","6.93","411.30","240.40","-0.09","11.29"
"FINPIPE","162.80","163.74","161.10","162.66","161.18","-","-1.48","-0.91","422174","6.83","222.50","147.54","-4.87","-15.74"
"KITEX","133.99","135.68","132.01","133.99","135.00","-","1.01","0.75","503454","6.73","232.70","132.01","-11.97","-20.94"
"ORKLAINDIA","554.85","556.60","543.70","555.00","550.90","-","-4.1","-0.74","121851","6.70","760.00","533.25","-7.14","0"
"ITI","284.00","289.40","282.25","285.50","283.00","-","-2.5","-0.88","234439","6.68","372.85","237.00","-2.5","-6.48"
"GMRP&UI","95.82","97.40","95.00","95.82","96.95","-","1.13","1.18","689644","6.64","136.95","89.00","-1.8","-17.19"
"HERITGFOOD","365.00","365.00","353.70","362.60","360.00","-","-2.6","-0.72","184769","6.62","540.00","292.55","6.94","-23.42"
"RCF","125.55","126.07","124.00","125.55","124.08","-","-1.47","-1.17","523390","6.52","164.49","106.00","-5.57","-14.76"
"CHALET","817.20","827.00","811.80","821.20","824.00","-","2.8","0.34","79279","6.51","1,070.10","691.35","-1.88","-5.88"
"SMARTWORKS","491.50","494.50","470.10","478.10","490.20","-","12.1","2.53","133870","6.49","619.00","361.50","5.26","5.23"
"CRAMC","257.00","259.85","255.65","256.65","257.80","-","1.15","0.45","249804","6.45","353.40","214.20","1.71","0"
"AWFIS","267.00","275.00","264.00","266.65","274.00","-","7.35","2.76","230792","6.24","639.40","229.05","-9.63","-52.26"
"MGL","1,138.00","1,138.00","1,114.00","1,134.30","1,115.00","-","-19.3","-1.7","55339","6.23","1,378.00","900.00","-1","-17.82"
"WEWORK","717.00","724.15","704.05","719.95","709.45","-","-10.5","-1.46","85704","6.09","794.50","420.00","-3.09","0"
"GRINDWELL","2,079.00","2,127.60","2,079.00","2,080.80","2,103.00","-","22.2","1.07","28826","6.09","2,455.00","1,329.00","2.16","41.15"
"RENUKA","22.21","22.25","21.90","22.19","21.97","-","-0.22","-0.99","2750061","6.06","33.50","21.05","-3.34","-22.23"
"JLHL","312.55","316.50","302.65","312.55","306.80","-","-5.75","-1.84","195568","6.06","340.00","235.60","5.37","8.17"
"ACI","513.65","514.40","504.30","513.55","507.80","-","-5.75","-1.12","117980","6.00","727.60","483.00","-3.73","-22.08"
"SKFINDIA","1,527.20","1,545.00","1,510.00","1,522.70","1,530.00","-","7.3","0.48","38956","5.94","5,074.00","1,404.00","-2.66","-65.87"
"GODIGIT","266.90","266.90","260.35","265.20","262.05","-","-3.15","-1.19","221410","5.81","381.40","244.20","-16.01","-27.48"
"CANHLIFE","149.00","150.29","146.91","149.35","147.90","-","-1.45","-0.97","388552","5.76","166.69","106.00","2.69","0"
"REDTAPE","128.61","128.61","124.50","127.59","126.63","-","-0.96","-0.75","455948","5.73","163.50","107.53","-6.62","4.72"
"ETHOSLTD","2,829.90","2,853.90","2,768.10","2,829.30","2,801.50","-","-27.8","-0.98","19720","5.53","3,245.90","1,919.40","13.08","0.97"
"ABLBL","91.45","92.49","90.02","91.48","90.50","-","-0.98","-1.07","602100","5.48","151.33","87.91","-5.29","-32.72"
"STYL","412.45","417.90","402.35","412.45","411.50","-","-0.95","-0.23","133168","5.46","437.45","209.11","14.46","0"
"CERA","6,007.00","6,033.50","5,872.50","5,984.50","5,890.00","-","-94.5","-1.58","9233","5.45","6,740.00","4,461.10","-6.71","-7.33"
"DOMS","2,231.80","2,247.00","2,219.30","2,231.80","2,238.10","-","6.3","0.28","24235","5.42","2,770.00","2,023.90","-5.81","-7.58"
"HONAUT","38,000.00","38,195.00","37,520.00","37,935.00","37,520.00","-","-415","-1.09","1435","5.41","41,495.00","26,220.00","-1.72","5.44"
"PRUDENT","3,404.00","3,429.90","3,340.00","3,401.40","3,340.00","-","-61.4","-1.81","15772","5.33","3,434.00","2,121.00","11.96","27.3"
"TEGA","1,656.50","1,662.90","1,621.00","1,647.10","1,634.00","-","-13.1","-0.8","31706","5.17","2,125.00","1,473.00","-2.1","-9.74"
"GODREJAGRO","552.40","554.85","546.15","546.40","550.30","-","3.9","0.71","92807","5.11","822.25","506.10","-2.11","-29.97"
"HEMIPROP","135.50","136.89","133.80","136.92","134.70","-","-2.22","-1.62","375144","5.07","190.69","111.20","-3.04","-0.29"
"WESTLIFE","583.45","599.10","571.30","583.45","595.00","-","11.55","1.98","83844","4.94","775.00","398.40","17.22","-11.12"
"SAATVIKGL","434.70","444.70","430.05","426.70","433.10","-","6.4","1.5","112853","4.92","567.00","328.00","-3.58","0"
"TRAVELFOOD","1,399.00","1,404.40","1,379.40","1,389.00","1,389.20","-","0.2","0.01","35161","4.90","1,470.90","1,035.30","6.01","20.13"
"INDIACEM","385.00","390.00","383.35","383.80","383.50","-","-0.3","-0.08","124919","4.83","485.80","342.35","0.79","3.99"
"TRIDENT","24.83","24.91","24.61","24.83","24.70","-","-0.13","-0.52","1954051","4.83","30.94","21.98","-3.1","-11.47"
"DCMSHRIRAM","1,010.00","1,013.00","991.00","1,007.00","992.00","-","-15","-1.49","47991","4.81","1,414.40","945.10","-5.96","-26.17"
"CRIZAC","185.40","186.26","180.01","185.33","181.05","-","-4.28","-2.31","259977","4.72","387.95","173.35","-9.48","-39.87"
"NIVABUPA","85.01","85.63","83.50","85.47","83.50","-","-1.97","-2.3","552981","4.67","91.40","67.50","-3.48","3.3"
"SUNTECK","296.55","296.55","290.45","296.55","292.00","-","-4.55","-1.53","156209","4.57","473.00","270.75","-10.76","-23.73"
"FACT","825.20","833.90","816.00","828.40","816.00","-","-12.4","-1.5","52303","4.31","1,058.60","652.10","-4.62","-13.88"
"EIHOTEL","300.35","302.50","297.70","302.35","298.05","-","-4.3","-1.42","142176","4.25","434.80","271.15","-9.61","-18.23"
"TTML","38.75","38.81","38.00","38.81","38.13","-","-0.68","-1.75","1103045","4.23","60.89","31.22","-7.63","-35.53"
"SUBROS","765.60","775.00","753.65","765.60","765.00","-","-0.6","-0.08","54886","4.19","1,213.70","622.10","-6.89","-5.27"
"JKLAKSHMI","551.00","553.20","547.75","549.25","548.00","-","-1.25","-0.23","75610","4.15","989.80","546.05","-2.36","-40.08"
"IFBIND","1,370.50","1,377.70","1,347.20","1,375.70","1,360.00","-","-15.7","-1.14","30250","4.12","2,019.80","883.20","-1.48","6.19"
"BLUEDART","5,116.00","5,145.50","5,067.00","5,092.50","5,100.00","-","7.5","0.15","8071","4.12","7,036.00","4,628.50","3.69","-14.11"
"TSFINV","427.50","431.65","414.00","428.80","421.25","-","-7.55","-1.76","96739","4.06","701.50","331.70","-11.39","-11.23"
"DBREALTY","114.80","115.50","112.51","114.17","113.45","-","-0.72","-0.63","346535","3.92","187.40","83.50","-0.72","-38.87"
"SAFARI","1,502.00","1,507.00","1,476.80","1,500.20","1,477.00","-","-23.2","-1.55","26166","3.90","2,507.10","1,363.10","-9.45","-26.93"
"CENTURYPLY","776.40","776.40","761.10","776.40","764.70","-","-11.7","-1.51","49860","3.82","859.00","618.50","-3.2","5.67"
"GHCL","432.25","434.95","429.25","432.25","432.20","-","-0.05","-0.01","86368","3.73","667.20","416.60","-0.88","-23.48"
"CORONA","2,099.00","2,144.90","2,099.00","2,101.70","2,129.80","-","28.1","1.34","16664","3.55","2,270.10","1,336.60","4.26","0"
"STARCEMENT","199.43","201.38","197.61","197.98","199.98","-","2","1.01","176109","3.51","308.95","195.91","-2.57","-31.19"
"VIPIND","320.00","321.15","308.05","316.90","311.00","-","-5.9","-1.86","112036","3.49","454.30","278.25","2.64","-24.69"
"BIRLACORPN","901.00","906.95","890.00","898.20","904.00","-","5.8","0.65","37433","3.37","1,346.10","769.60","-6.35","-29.9"
"ANUP","1,925.00","1,925.00","1,864.30","1,907.90","1,867.00","-","-40.9","-2.14","17734","3.34","2,576.00","1,422.30","-13.91","-16.9"
"NESCO","1,050.00","1,060.00","1,034.00","1,048.30","1,036.00","-","-12.3","-1.17","31445","3.28","1,638.90","996.00","-5.73","-24.52"
"INDIGOPNTS","1,127.00","1,144.90","1,116.10","1,125.50","1,127.00","-","1.5","0.13","28881","3.26","1,345.90","708.05","7.09","2.54"
"ORIENTCEM","134.10","134.57","132.38","134.13","134.00","-","-0.13","-0.1","237182","3.16","244.37","122.32","-2.86","-43.67"
"SHAREINDIA","167.99","168.87","165.00","167.56","165.30","-","-2.26","-1.35","182206","3.03","211.00","115.36","-7.83","2.14"
"ALOKINDS","11.85","11.88","11.73","11.84","11.81","-","-0.03","-0.25","2446953","2.88","19.34","11.11","-6.12","-33.43"
"BBTC","1,484.30","1,501.10","1,484.30","1,490.40","1,485.00","-","-5.4","-0.36","17917","2.68","2,135.00","1,314.60","-2.39","-20.46"
"NFL","72.07","72.39","71.33","71.95","71.80","-","-0.15","-0.21","346984","2.49","102.97","63.35","-2.64","-22.22"
"AHLUCONT","836.00","836.00","804.75","833.95","809.50","-","-24.45","-2.93","29882","2.44","1,077.95","645.15","-3.97","-14.07"
"GALLANTT","601.90","601.90","588.30","593.50","590.85","-","-2.65","-0.45","36891","2.18","948.00","496.25","-11.5","-16.78"
"MAHSCOOTER","13,786.00","13,786.00","13,559.00","13,786.00","13,559.00","-","-227","-1.65","1350","1.85","18,538.00","10,901.00","3.2","-10.02"
"JAIBALAJI","66.60","67.53","65.01","66.88","65.50","-","-1.38","-2.06","218036","1.44","109.72","53.65","-0.85","-37.12"
"PURVA","211.50","214.60","209.60","212.31","210.50","-","-1.81","-0.85","63859","1.35","305.00","160.69","-6.05","-19.39"
"SANOFICONR","4,530.00","4,543.90","4,465.00","4,553.00","4,465.00","-","-88","-1.93","1361","0.61","5,357.00","3,975.00","-2.23","-13"